path,label
/mnt/data/mudra_work/Bharatanatyam_Mudras/Pataka/Image_1754981124.483585.jpg,Pataka
/mnt/data/mudra_work/Bharatanatyam_Mudras/Sikhara/Image_1754983216.1631398.jpg,Sikhara
/mnt/data/mudra_work/Bharatanatyam_Mudras/Pataka/Image_1754981138.1690664.jpg,Pataka
/mnt/data/mudra_work/Bharatanatyam_Mudras/Pataka/Image_1754981208.5315995.jpg,Pataka
/mnt/data/mudra_work/Bharatanatyam_Mudras/Pataka/Image_1754981064.6340945.jpg,Pataka
/mnt/data/mudra_work/Bharatanatyam_Mudras/Sikhara/Image_1754983145.5996883.jpg,Sikhara
/mnt/data/mudra_work/Bharatanatyam_Mudras/Pataka/Image_1754981048.9964705.jpg,Pataka
/mnt/data/mudra_work/Bharatanatyam_Mudras/Sikhara/Image_1754982785.7871644.jpg,Sikhara
/mnt/data/mudra_work/Bharatanatyam_Mudras/Sikhara/Image_1754982950.248478.jpg,Sikhara
/mnt/data/mudra_work/Bharatanatyam_Mudras/Pataka/Image_1754980920.476235.jpg,Pataka
/mnt/data/mudra_work/Bharatanatyam_Mudras/Pataka/Image_1754980920.444943.jpg,Pataka
/mnt/data/mudra_work/Bharatanatyam_Mudras/Pataka/Image_1754981056.656185.jpg,Pataka
/mnt/data/mudra_work/Bharatanatyam_Mudras/Musti/Image_1754983553.165238.jpg,Musti
/mnt/data/mudra_work/Bharatanatyam_Mudras/Simhamukha/Image_1754982095.8697572.jpg,Simhamukha
/mnt/data/mudra_work/Bharatanatyam_Mudras/Simhamukha/Image_1754982421.4148493.jpg,Simhamukha
/mnt/data/mudra_work/Bharatanatyam_Mudras/Sikhara/Image_1754982780.9761777.jpg,Sikhara
/mnt/data/mudra_work/Bharatanatyam_Mudras/Trisula/Image_1754981707.3780296.jpg,Trisula
/mnt/data/mudra_work/Bharatanatyam_Mudras/Pataka/Image_1754981205.0917823.jpg,Pataka
/mnt/data/mudra_work/Bharatanatyam_Mudras/Trisula/Image_1754981600.4358253.jpg,Trisula
/mnt/data/mudra_work/Bharatanatyam_Mudras/Musti/Image_1754983387.7101853.jpg,Musti
/mnt/data/mudra_work/Bharatanatyam_Mudras/Trisula/Image_1754981620.295626.jpg,Trisula
/mnt/data/mudra_work/Bharatanatyam_Mudras/Musti/Image_1754983479.738174.jpg,Musti
/mnt/data/mudra_work/Bharatanatyam_Mudras/Pataka/Image_1754981129.1792722.jpg,Pataka
/mnt/data/mudra_work/Bharatanatyam_Mudras/Trisula/Image_1754981515.1755865.jpg,Trisula
/mnt/data/mudra_work/Bharatanatyam_Mudras/Simhamukha/Image_1754982179.7706077.jpg,Simhamukha
/mnt/data/mudra_work/Bharatanatyam_Mudras/Trisula/Image_1754981720.2250805.jpg,Trisula
/mnt/data/mudra_work/Bharatanatyam_Mudras/Pataka/Image_1754981238.00195.jpg,Pataka
/mnt/data/mudra_work/Bharatanatyam_Mudras/Simhamukha/Image_1754982296.2022524.jpg,Simhamukha
/mnt/data/mudra_work/Bharatanatyam_Mudras/Musti/Image_1754983479.4662285.jpg,Musti
/mnt/data/mudra_work/Bharatanatyam_Mudras/Sikhara/Image_1754982869.2467363.jpg,Sikhara
/mnt/data/mudra_work/Bharatanatyam_Mudras/Musti/Image_1754983545.606496.jpg,Musti
/mnt/data/mudra_work/Bharatanatyam_Mudras/Pataka/Image_1754980891.5000877.jpg,Pataka
/mnt/data/mudra_work/Bharatanatyam_Mudras/Musti/Image_1754983388.136435.jpg,Musti
/mnt/data/mudra_work/Bharatanatyam_Mudras/Musti/Image_1754983595.0581322.jpg,Musti
/mnt/data/mudra_work/Bharatanatyam_Mudras/Musti/Image_1754983334.246725.jpg,Musti
/mnt/data/mudra_work/Bharatanatyam_Mudras/Musti/Image_1754983566.6280794.jpg,Musti
/mnt/data/mudra_work/Bharatanatyam_Mudras/Simhamukha/Image_1754982230.7904544.jpg,Simhamukha
/mnt/data/mudra_work/Bharatanatyam_Mudras/Trisula/Image_1754981603.5654495.jpg,Trisula
/mnt/data/mudra_work/Bharatanatyam_Mudras/Musti/Image_1754983368.65523.jpg,Musti
/mnt/data/mudra_work/Bharatanatyam_Mudras/Pataka/Image_1754981048.6958733.jpg,Pataka
/mnt/data/mudra_work/Bharatanatyam_Mudras/Pataka/Image_1754981123.3957148.jpg,Pataka
/mnt/data/mudra_work/Bharatanatyam_Mudras/Musti/Image_1754983479.0289195.jpg,Musti
/mnt/data/mudra_work/Bharatanatyam_Mudras/Musti/Image_1754983594.0328355.jpg,Musti
/mnt/data/mudra_work/Bharatanatyam_Mudras/Sikhara/Image_1754983140.4831324.jpg,Sikhara
/mnt/data/mudra_work/Bharatanatyam_Mudras/Trisula/Image_1754981710.7100468.jpg,Trisula
/mnt/data/mudra_work/Bharatanatyam_Mudras/Trisula/Image_1754981515.0782444.jpg,Trisula
/mnt/data/mudra_work/Bharatanatyam_Mudras/Musti/Image_1754983594.266286.jpg,Musti
/mnt/data/mudra_work/Bharatanatyam_Mudras/Musti/Image_1754983386.5030928.jpg,Musti
/mnt/data/mudra_work/Bharatanatyam_Mudras/Musti/Image_1754983601.0924232.jpg,Musti
/mnt/data/mudra_work/Bharatanatyam_Mudras/Trisula/Image_1754981699.503057.jpg,Trisula
/mnt/data/mudra_work/Bharatanatyam_Mudras/Musti/Image_1754983555.8094656.jpg,Musti
/mnt/data/mudra_work/Bharatanatyam_Mudras/Simhamukha/Image_1754982330.660705.jpg,Simhamukha
/mnt/data/mudra_work/Bharatanatyam_Mudras/Simhamukha/Image_1754982224.2545257.jpg,Simhamukha
/mnt/data/mudra_work/Bharatanatyam_Mudras/Pataka/Image_1754981138.2326589.jpg,Pataka
/mnt/data/mudra_work/Bharatanatyam_Mudras/Sikhara/Image_1754982932.9031043.jpg,Sikhara
/mnt/data/mudra_work/Bharatanatyam_Mudras/Musti/Image_1754983595.6409318.jpg,Musti
/mnt/data/mudra_work/Bharatanatyam_Mudras/Sikhara/Image_1754983169.5368955.jpg,Sikhara
/mnt/data/mudra_work/Bharatanatyam_Mudras/Simhamukha/Image_1754982192.8692749.jpg,Simhamukha
/mnt/data/mudra_work/Bharatanatyam_Mudras/Sikhara/Image_1754983084.6787746.jpg,Sikhara
/mnt/data/mudra_work/Bharatanatyam_Mudras/Pataka/Image_1754981083.8183546.jpg,Pataka
/mnt/data/mudra_work/Bharatanatyam_Mudras/Trisula/Image_1754981597.2871644.jpg,Trisula
/mnt/data/mudra_work/Bharatanatyam_Mudras/Pataka/Image_1754981038.3264835.jpg,Pataka
/mnt/data/mudra_work/Bharatanatyam_Mudras/Sikhara/Image_1754982855.365674.jpg,Sikhara
/mnt/data/mudra_work/Bharatanatyam_Mudras/Simhamukha/Image_1754982091.7572813.jpg,Simhamukha
/mnt/data/mudra_work/Bharatanatyam_Mudras/Trisula/Image_1754981597.2221863.jpg,Trisula
/mnt/data/mudra_work/Bharatanatyam_Mudras/Sikhara/Image_1754982886.1186156.jpg,Sikhara
/mnt/data/mudra_work/Bharatanatyam_Mudras/Simhamukha/Image_1754982296.4718957.jpg,Simhamukha
/mnt/data/mudra_work/Bharatanatyam_Mudras/Musti/Image_1754983368.5723984.jpg,Musti
/mnt/data/mudra_work/Bharatanatyam_Mudras/Simhamukha/Image_1754982126.6406834.jpg,Simhamukha
/mnt/data/mudra_work/Bharatanatyam_Mudras/Musti/Image_1754983596.1068537.jpg,Musti
/mnt/data/mudra_work/Bharatanatyam_Mudras/Simhamukha/Image_1754982451.4180384.jpg,Simhamukha
/mnt/data/mudra_work/Bharatanatyam_Mudras/Sikhara/Image_1754983179.3982177.jpg,Sikhara
/mnt/data/mudra_work/Bharatanatyam_Mudras/Musti/Image_1754983521.3786805.jpg,Musti
/mnt/data/mudra_work/Bharatanatyam_Mudras/Trisula/Image_1754981839.6922884.jpg,Trisula
/mnt/data/mudra_work/Bharatanatyam_Mudras/Sikhara/Image_1754983073.8964195.jpg,Sikhara
/mnt/data/mudra_work/Bharatanatyam_Mudras/Trisula/Image_1754981734.8835797.jpg,Trisula
/mnt/data/mudra_work/Bharatanatyam_Mudras/Sikhara/Image_1754983140.3085475.jpg,Sikhara
/mnt/data/mudra_work/Bharatanatyam_Mudras/Pataka/Image_1754980914.4143968.jpg,Pataka
/mnt/data/mudra_work/Bharatanatyam_Mudras/Simhamukha/Image_1754982112.0219917.jpg,Simhamukha
/mnt/data/mudra_work/Bharatanatyam_Mudras/Sikhara/Image_1754982787.7970319.jpg,Sikhara
/mnt/data/mudra_work/Bharatanatyam_Mudras/Musti/Image_1754983539.60099.jpg,Musti
/mnt/data/mudra_work/Bharatanatyam_Mudras/Sikhara/Image_1754983179.2379754.jpg,Sikhara
/mnt/data/mudra_work/Bharatanatyam_Mudras/Simhamukha/Image_1754982091.9456391.jpg,Simhamukha
/mnt/data/mudra_work/Bharatanatyam_Mudras/Musti/Image_1754983610.3688257.jpg,Musti
/mnt/data/mudra_work/Bharatanatyam_Mudras/Simhamukha/Image_1754982112.0793526.jpg,Simhamukha
/mnt/data/mudra_work/Bharatanatyam_Mudras/Simhamukha/Image_1754982206.5324657.jpg,Simhamukha
/mnt/data/mudra_work/Bharatanatyam_Mudras/Simhamukha/Image_1754982166.4834704.jpg,Simhamukha
/mnt/data/mudra_work/Bharatanatyam_Mudras/Pataka/Image_1754981208.9594896.jpg,Pataka
/mnt/data/mudra_work/Bharatanatyam_Mudras/Sikhara/Image_1754983204.5832667.jpg,Sikhara
/mnt/data/mudra_work/Bharatanatyam_Mudras/Pataka/Image_1754980904.9054546.jpg,Pataka
/mnt/data/mudra_work/Bharatanatyam_Mudras/Simhamukha/Image_1754982091.6584907.jpg,Simhamukha
/mnt/data/mudra_work/Bharatanatyam_Mudras/Sikhara/Image_1754983216.3864472.jpg,Sikhara
/mnt/data/mudra_work/Bharatanatyam_Mudras/Simhamukha/Image_1754982291.3458078.jpg,Simhamukha
/mnt/data/mudra_work/Bharatanatyam_Mudras/Trisula/Image_1754981600.2447562.jpg,Trisula
/mnt/data/mudra_work/Bharatanatyam_Mudras/Musti/Image_1754983383.416613.jpg,Musti
/mnt/data/mudra_work/Bharatanatyam_Mudras/Sikhara/Image_1754983057.0341058.jpg,Sikhara
/mnt/data/mudra_work/Bharatanatyam_Mudras/Sikhara/Image_1754983211.6358924.jpg,Sikhara
/mnt/data/mudra_work/Bharatanatyam_Mudras/Pataka/Image_1754980906.0277512.jpg,Pataka
/mnt/data/mudra_work/Bharatanatyam_Mudras/Trisula/Image_1754981512.628111.jpg,Trisula
/mnt/data/mudra_work/Bharatanatyam_Mudras/Simhamukha/Image_1754982188.868919.jpg,Simhamukha
/mnt/data/mudra_work/Bharatanatyam_Mudras/Musti/Image_1754983439.4263172.jpg,Musti
/mnt/data/mudra_work/Bharatanatyam_Mudras/Pataka/Image_1754981132.6291294.jpg,Pataka
/mnt/data/mudra_work/Bharatanatyam_Mudras/Simhamukha/Image_1754982452.2877748.jpg,Simhamukha
/mnt/data/mudra_work/Bharatanatyam_Mudras/Musti/Image_1754983610.9046276.jpg,Musti
/mnt/data/mudra_work/Bharatanatyam_Mudras/Pataka/Image_1754981145.2211382.jpg,Pataka
/mnt/data/mudra_work/Bharatanatyam_Mudras/Pataka/Image_1754980891.4067473.jpg,Pataka
/mnt/data/mudra_work/Bharatanatyam_Mudras/Simhamukha/Image_1754982449.3303854.jpg,Simhamukha
/mnt/data/mudra_work/Bharatanatyam_Mudras/Sikhara/Image_1754982785.3901892.jpg,Sikhara
/mnt/data/mudra_work/Bharatanatyam_Mudras/Pataka/Image_1754981049.1412013.jpg,Pataka
/mnt/data/mudra_work/Bharatanatyam_Mudras/Musti/Image_1754983334.7539954.jpg,Musti
/mnt/data/mudra_work/Bharatanatyam_Mudras/Pataka/Image_1754981087.0044022.jpg,Pataka
/mnt/data/mudra_work/Bharatanatyam_Mudras/Pataka/Image_1754981064.980015.jpg,Pataka
/mnt/data/mudra_work/Bharatanatyam_Mudras/Sikhara/Image_1754982929.3564794.jpg,Sikhara
/mnt/data/mudra_work/Bharatanatyam_Mudras/Musti/Image_1754983625.7059987.jpg,Musti
/mnt/data/mudra_work/Bharatanatyam_Mudras/Trisula/Image_1754981852.419162.jpg,Trisula
/mnt/data/mudra_work/Bharatanatyam_Mudras/Simhamukha/Image_1754982291.116696.jpg,Simhamukha
/mnt/data/mudra_work/Bharatanatyam_Mudras/Musti/Image_1754983516.8273997.jpg,Musti
/mnt/data/mudra_work/Bharatanatyam_Mudras/Simhamukha/Image_1754982296.3778288.jpg,Simhamukha
/mnt/data/mudra_work/Bharatanatyam_Mudras/Trisula/Image_1754981515.1408541.jpg,Trisula
/mnt/data/mudra_work/Bharatanatyam_Mudras/Musti/Image_1754983592.6643014.jpg,Musti
/mnt/data/mudra_work/Bharatanatyam_Mudras/Musti/Image_1754983443.7163203.jpg,Musti
/mnt/data/mudra_work/Bharatanatyam_Mudras/Sikhara/Image_1754982780.6351287.jpg,Sikhara
/mnt/data/mudra_work/Bharatanatyam_Mudras/Musti/Image_1754983625.1915123.jpg,Musti
/mnt/data/mudra_work/Bharatanatyam_Mudras/Trisula/Image_1754981735.0370457.jpg,Trisula
/mnt/data/mudra_work/Bharatanatyam_Mudras/Trisula/Image_1754981603.5214295.jpg,Trisula
/mnt/data/mudra_work/Bharatanatyam_Mudras/Simhamukha/Image_1754982171.0058622.jpg,Simhamukha
/mnt/data/mudra_work/Bharatanatyam_Mudras/Sikhara/Image_1754982927.7554188.jpg,Sikhara
/mnt/data/mudra_work/Bharatanatyam_Mudras/Simhamukha/Image_1754982328.705134.jpg,Simhamukha
/mnt/data/mudra_work/Bharatanatyam_Mudras/Musti/Image_1754983478.7887037.jpg,Musti
/mnt/data/mudra_work/Bharatanatyam_Mudras/Simhamukha/Image_1754982452.0817142.jpg,Simhamukha
/mnt/data/mudra_work/Bharatanatyam_Mudras/Pataka/Image_1754980904.6377316.jpg,Pataka
/mnt/data/mudra_work/Bharatanatyam_Mudras/Pataka/Image_1754980904.8471985.jpg,Pataka
/mnt/data/mudra_work/Bharatanatyam_Mudras/Musti/Image_1754983353.8022804.jpg,Musti
/mnt/data/mudra_work/Bharatanatyam_Mudras/Musti/Image_1754983595.8138468.jpg,Musti
/mnt/data/mudra_work/Bharatanatyam_Mudras/Pataka/Image_1754981208.5643675.jpg,Pataka
/mnt/data/mudra_work/Bharatanatyam_Mudras/Simhamukha/Image_1754982451.9149866.jpg,Simhamukha
/mnt/data/mudra_work/Bharatanatyam_Mudras/Pataka/Image_1754980927.3703046.jpg,Pataka
/mnt/data/mudra_work/Bharatanatyam_Mudras/Sikhara/Image_1754982917.2351396.jpg,Sikhara
/mnt/data/mudra_work/Bharatanatyam_Mudras/Sikhara/Image_1754983145.3526278.jpg,Sikhara
/mnt/data/mudra_work/Bharatanatyam_Mudras/Musti/Image_1754983479.004106.jpg,Musti
/mnt/data/mudra_work/Bharatanatyam_Mudras/Musti/Image_1754983607.440241.jpg,Musti
/mnt/data/mudra_work/Bharatanatyam_Mudras/Trisula/Image_1754981512.6910648.jpg,Trisula
/mnt/data/mudra_work/Bharatanatyam_Mudras/Simhamukha/Image_1754982462.0032446.jpg,Simhamukha
/mnt/data/mudra_work/Bharatanatyam_Mudras/Pataka/Image_1754980897.3997958.jpg,Pataka
/mnt/data/mudra_work/Bharatanatyam_Mudras/Simhamukha/Image_1754982452.1075602.jpg,Simhamukha
/mnt/data/mudra_work/Bharatanatyam_Mudras/Pataka/Image_1754981128.4328806.jpg,Pataka
/mnt/data/mudra_work/Bharatanatyam_Mudras/Sikhara/Image_1754983063.2069988.jpg,Sikhara
/mnt/data/mudra_work/Bharatanatyam_Mudras/Sikhara/Image_1754982778.4402852.jpg,Sikhara
/mnt/data/mudra_work/Bharatanatyam_Mudras/Sikhara/Image_1754982888.2399688.jpg,Sikhara
/mnt/data/mudra_work/Bharatanatyam_Mudras/Sikhara/Image_1754983026.9774418.jpg,Sikhara
/mnt/data/mudra_work/Bharatanatyam_Mudras/Pataka/Image_1754981049.0286305.jpg,Pataka
/mnt/data/mudra_work/Bharatanatyam_Mudras/Sikhara/Image_1754982885.899173.jpg,Sikhara
/mnt/data/mudra_work/Bharatanatyam_Mudras/Sikhara/Image_1754982949.5874746.jpg,Sikhara
/mnt/data/mudra_work/Bharatanatyam_Mudras/Musti/Image_1754983532.9966385.jpg,Musti
/mnt/data/mudra_work/Bharatanatyam_Mudras/Pataka/Image_1754980932.3767061.jpg,Pataka
/mnt/data/mudra_work/Bharatanatyam_Mudras/Musti/Image_1754983345.5838387.jpg,Musti
/mnt/data/mudra_work/Bharatanatyam_Mudras/Simhamukha/Image_1754982197.138234.jpg,Simhamukha
/mnt/data/mudra_work/Bharatanatyam_Mudras/Trisula/Image_1754981826.3110323.jpg,Trisula
/mnt/data/mudra_work/Bharatanatyam_Mudras/Trisula/Image_1754981719.7649403.jpg,Trisula
/mnt/data/mudra_work/Bharatanatyam_Mudras/Trisula/Image_1754981730.7714481.jpg,Trisula
/mnt/data/mudra_work/Bharatanatyam_Mudras/Trisula/Image_1754981852.537951.jpg,Trisula
/mnt/data/mudra_work/Bharatanatyam_Mudras/Trisula/Image_1754981859.5295.jpg,Trisula
/mnt/data/mudra_work/Bharatanatyam_Mudras/Sikhara/Image_1754983068.3861232.jpg,Sikhara
/mnt/data/mudra_work/Bharatanatyam_Mudras/Pataka/Image_1754981208.9378445.jpg,Pataka
/mnt/data/mudra_work/Bharatanatyam_Mudras/Simhamukha/Image_1754982444.542447.jpg,Simhamukha
/mnt/data/mudra_work/Bharatanatyam_Mudras/Sikhara/Image_1754982869.7998314.jpg,Sikhara
/mnt/data/mudra_work/Bharatanatyam_Mudras/Simhamukha/Image_1754982461.851069.jpg,Simhamukha
/mnt/data/mudra_work/Bharatanatyam_Mudras/Trisula/Image_1754981827.2255607.jpg,Trisula
/mnt/data/mudra_work/Bharatanatyam_Mudras/Trisula/Image_1754981853.3020847.jpg,Trisula
/mnt/data/mudra_work/Bharatanatyam_Mudras/Trisula/Image_1754981735.0149863.jpg,Trisula
/mnt/data/mudra_work/Bharatanatyam_Mudras/Sikhara/Image_1754983204.690909.jpg,Sikhara
/mnt/data/mudra_work/Bharatanatyam_Mudras/Simhamukha/Image_1754982417.366635.jpg,Simhamukha
/mnt/data/mudra_work/Bharatanatyam_Mudras/Musti/Image_1754983334.1625655.jpg,Musti
/mnt/data/mudra_work/Bharatanatyam_Mudras/Musti/Image_1754983353.7330382.jpg,Musti
/mnt/data/mudra_work/Bharatanatyam_Mudras/Pataka/Image_1754981234.1087565.jpg,Pataka
/mnt/data/mudra_work/Bharatanatyam_Mudras/Musti/Image_1754983517.0932271.jpg,Musti
/mnt/data/mudra_work/Bharatanatyam_Mudras/Sikhara/Image_1754982787.8980024.jpg,Sikhara
/mnt/data/mudra_work/Bharatanatyam_Mudras/Sikhara/Image_1754982949.2233331.jpg,Sikhara
/mnt/data/mudra_work/Bharatanatyam_Mudras/Musti/Image_1754983387.1444223.jpg,Musti
/mnt/data/mudra_work/Bharatanatyam_Mudras/Pataka/Image_1754981199.4268386.jpg,Pataka
/mnt/data/mudra_work/Bharatanatyam_Mudras/Simhamukha/Image_1754982448.0658636.jpg,Simhamukha
/mnt/data/mudra_work/Bharatanatyam_Mudras/Trisula/Image_1754981600.3339531.jpg,Trisula
/mnt/data/mudra_work/Bharatanatyam_Mudras/Simhamukha/Image_1754982112.1073043.jpg,Simhamukha
/mnt/data/mudra_work/Bharatanatyam_Mudras/Pataka/Image_1754981198.645317.jpg,Pataka
/mnt/data/mudra_work/Bharatanatyam_Mudras/Musti/Image_1754983353.594173.jpg,Musti
/mnt/data/mudra_work/Bharatanatyam_Mudras/Pataka/Image_1754981204.0095596.jpg,Pataka
/mnt/data/mudra_work/Bharatanatyam_Mudras/Sikhara/Image_1754982855.9422736.jpg,Sikhara
/mnt/data/mudra_work/Bharatanatyam_Mudras/Pataka/Image_1754981208.7718437.jpg,Pataka
/mnt/data/mudra_work/Bharatanatyam_Mudras/Sikhara/Image_1754983068.6167452.jpg,Sikhara
/mnt/data/mudra_work/Bharatanatyam_Mudras/Musti/Image_1754983596.04129.jpg,Musti
/mnt/data/mudra_work/Bharatanatyam_Mudras/Trisula/Image_1754981864.1137466.jpg,Trisula
/mnt/data/mudra_work/Bharatanatyam_Mudras/Sikhara/Image_1754983204.6680393.jpg,Sikhara
/mnt/data/mudra_work/Bharatanatyam_Mudras/Pataka/Image_1754980914.155665.jpg,Pataka
/mnt/data/mudra_work/Bharatanatyam_Mudras/Trisula/Image_1754981628.957249.jpg,Trisula
/mnt/data/mudra_work/Bharatanatyam_Mudras/Sikhara/Image_1754983084.655325.jpg,Sikhara
/mnt/data/mudra_work/Bharatanatyam_Mudras/Trisula/Image_1754981608.5319583.jpg,Trisula
/mnt/data/mudra_work/Bharatanatyam_Mudras/Simhamukha/Image_1754982313.5498579.jpg,Simhamukha
/mnt/data/mudra_work/Bharatanatyam_Mudras/Simhamukha/Image_1754982464.3196824.jpg,Simhamukha
/mnt/data/mudra_work/Bharatanatyam_Mudras/Simhamukha/Image_1754982449.2875707.jpg,Simhamukha
/mnt/data/mudra_work/Bharatanatyam_Mudras/Musti/Image_1754983610.871228.jpg,Musti
/mnt/data/mudra_work/Bharatanatyam_Mudras/Trisula/Image_1754981867.43112.jpg,Trisula
/mnt/data/mudra_work/Bharatanatyam_Mudras/Sikhara/Image_1754983221.4355612.jpg,Sikhara
/mnt/data/mudra_work/Bharatanatyam_Mudras/Simhamukha/Image_1754982091.4060469.jpg,Simhamukha
/mnt/data/mudra_work/Bharatanatyam_Mudras/Sikhara/Image_1754982780.4005547.jpg,Sikhara
/mnt/data/mudra_work/Bharatanatyam_Mudras/Sikhara/Image_1754983145.636164.jpg,Sikhara
/mnt/data/mudra_work/Bharatanatyam_Mudras/Simhamukha/Image_1754982179.5555022.jpg,Simhamukha
/mnt/data/mudra_work/Bharatanatyam_Mudras/Trisula/Image_1754981591.9795358.jpg,Trisula
/mnt/data/mudra_work/Bharatanatyam_Mudras/Pataka/Image_1754981205.725183.jpg,Pataka
/mnt/data/mudra_work/Bharatanatyam_Mudras/Trisula/Image_1754981859.7195845.jpg,Trisula
/mnt/data/mudra_work/Bharatanatyam_Mudras/Simhamukha/Image_1754982452.571914.jpg,Simhamukha
/mnt/data/mudra_work/Bharatanatyam_Mudras/Pataka/Image_1754980914.2318797.jpg,Pataka
/mnt/data/mudra_work/Bharatanatyam_Mudras/Simhamukha/Image_1754982094.3133466.jpg,Simhamukha
/mnt/data/mudra_work/Bharatanatyam_Mudras/Sikhara/Image_1754983084.6022205.jpg,Sikhara
/mnt/data/mudra_work/Bharatanatyam_Mudras/Pataka/Image_1754981203.987494.jpg,Pataka
/mnt/data/mudra_work/Bharatanatyam_Mudras/Pataka/Image_1754981064.9483848.jpg,Pataka
/mnt/data/mudra_work/Bharatanatyam_Mudras/Sikhara/Image_1754983026.9512708.jpg,Sikhara
/mnt/data/mudra_work/Bharatanatyam_Mudras/Simhamukha/Image_1754982219.3352504.jpg,Simhamukha
/mnt/data/mudra_work/Bharatanatyam_Mudras/Pataka/Image_1754981212.1470108.jpg,Pataka
/mnt/data/mudra_work/Bharatanatyam_Mudras/Trisula/Image_1754981519.887317.jpg,Trisula
/mnt/data/mudra_work/Bharatanatyam_Mudras/Musti/Image_1754983592.0662034.jpg,Musti
/mnt/data/mudra_work/Bharatanatyam_Mudras/Trisula/Image_1754981720.0023263.jpg,Trisula
/mnt/data/mudra_work/Bharatanatyam_Mudras/Musti/Image_1754983451.2390144.jpg,Musti
/mnt/data/mudra_work/Bharatanatyam_Mudras/Pataka/Image_1754980908.3647754.jpg,Pataka
/mnt/data/mudra_work/Bharatanatyam_Mudras/Pataka/Image_1754981155.833291.jpg,Pataka
/mnt/data/mudra_work/Bharatanatyam_Mudras/Pataka/Image_1754981147.8353906.jpg,Pataka
/mnt/data/mudra_work/Bharatanatyam_Mudras/Simhamukha/Image_1754982096.5723262.jpg,Simhamukha
/mnt/data/mudra_work/Bharatanatyam_Mudras/Pataka/Image_1754980906.0648797.jpg,Pataka
/mnt/data/mudra_work/Bharatanatyam_Mudras/Pataka/Image_1754981132.7403026.jpg,Pataka
/mnt/data/mudra_work/Bharatanatyam_Mudras/Musti/Image_1754983596.0711284.jpg,Musti
/mnt/data/mudra_work/Bharatanatyam_Mudras/Simhamukha/Image_1754982091.4624448.jpg,Simhamukha
/mnt/data/mudra_work/Bharatanatyam_Mudras/Musti/Image_1754983334.5536249.jpg,Musti
/mnt/data/mudra_work/Bharatanatyam_Mudras/Sikhara/Image_1754982871.8519068.jpg,Sikhara
/mnt/data/mudra_work/Bharatanatyam_Mudras/Simhamukha/Image_1754982452.1973093.jpg,Simhamukha
/mnt/data/mudra_work/Bharatanatyam_Mudras/Simhamukha/Image_1754982296.0815725.jpg,Simhamukha
/mnt/data/mudra_work/Bharatanatyam_Mudras/Simhamukha/Image_1754982326.352219.jpg,Simhamukha
/mnt/data/mudra_work/Bharatanatyam_Mudras/Simhamukha/Image_1754982223.7384584.jpg,Simhamukha
/mnt/data/mudra_work/Bharatanatyam_Mudras/Sikhara/Image_1754983026.9291997.jpg,Sikhara
/mnt/data/mudra_work/Bharatanatyam_Mudras/Trisula/Image_1754981719.2504418.jpg,Trisula
/mnt/data/mudra_work/Bharatanatyam_Mudras/Simhamukha/Image_1754982428.5008059.jpg,Simhamukha
/mnt/data/mudra_work/Bharatanatyam_Mudras/Pataka/Image_1754981049.1731744.jpg,Pataka
/mnt/data/mudra_work/Bharatanatyam_Mudras/Simhamukha/Image_1754982220.7978497.jpg,Simhamukha
/mnt/data/mudra_work/Bharatanatyam_Mudras/Sikhara/Image_1754983212.1888888.jpg,Sikhara
/mnt/data/mudra_work/Bharatanatyam_Mudras/Pataka/Image_1754981056.7474325.jpg,Pataka
/mnt/data/mudra_work/Bharatanatyam_Mudras/Musti/Image_1754983465.527955.jpg,Musti
/mnt/data/mudra_work/Bharatanatyam_Mudras/Sikhara/Image_1754983056.9994514.jpg,Sikhara
/mnt/data/mudra_work/Bharatanatyam_Mudras/Musti/Image_1754983383.113862.jpg,Musti
/mnt/data/mudra_work/Bharatanatyam_Mudras/Simhamukha/Image_1754982328.4770958.jpg,Simhamukha
/mnt/data/mudra_work/Bharatanatyam_Mudras/Simhamukha/Image_1754982417.5949163.jpg,Simhamukha
/mnt/data/mudra_work/Bharatanatyam_Mudras/Musti/Image_1754983521.3547618.jpg,Musti
/mnt/data/mudra_work/Bharatanatyam_Mudras/Pataka/Image_1754980908.5161176.jpg,Pataka
/mnt/data/mudra_work/Bharatanatyam_Mudras/Trisula/Image_1754981518.9623842.jpg,Trisula
/mnt/data/mudra_work/Bharatanatyam_Mudras/Sikhara/Image_1754983061.748069.jpg,Sikhara
/mnt/data/mudra_work/Bharatanatyam_Mudras/Musti/Image_1754983334.343349.jpg,Musti
/mnt/data/mudra_work/Bharatanatyam_Mudras/Simhamukha/Image_1754982179.7980895.jpg,Simhamukha
/mnt/data/mudra_work/Bharatanatyam_Mudras/Trisula/Image_1754981600.2729466.jpg,Trisula
/mnt/data/mudra_work/Bharatanatyam_Mudras/Simhamukha/Image_1754982449.1842635.jpg,Simhamukha
/mnt/data/mudra_work/Bharatanatyam_Mudras/Trisula/Image_1754981620.4393854.jpg,Trisula
/mnt/data/mudra_work/Bharatanatyam_Mudras/Pataka/Image_1754981216.077824.jpg,Pataka
/mnt/data/mudra_work/Bharatanatyam_Mudras/Pataka/Image_1754981083.6648386.jpg,Pataka
/mnt/data/mudra_work/Bharatanatyam_Mudras/Simhamukha/Image_1754982092.2182345.jpg,Simhamukha
/mnt/data/mudra_work/Bharatanatyam_Mudras/Simhamukha/Image_1754982179.6262598.jpg,Simhamukha
/mnt/data/mudra_work/Bharatanatyam_Mudras/Musti/Image_1754983439.3976648.jpg,Musti
/mnt/data/mudra_work/Bharatanatyam_Mudras/Trisula/Image_1754981520.9259896.jpg,Trisula
/mnt/data/mudra_work/Bharatanatyam_Mudras/Trisula/Image_1754981506.429558.jpg,Trisula
/mnt/data/mudra_work/Bharatanatyam_Mudras/Simhamukha/Image_1754982095.6080136.jpg,Simhamukha
/mnt/data/mudra_work/Bharatanatyam_Mudras/Musti/Image_1754983352.988964.jpg,Musti
/mnt/data/mudra_work/Bharatanatyam_Mudras/Trisula/Image_1754981535.5572312.jpg,Trisula
/mnt/data/mudra_work/Bharatanatyam_Mudras/Trisula/Image_1754981600.559989.jpg,Trisula
/mnt/data/mudra_work/Bharatanatyam_Mudras/Musti/Image_1754983595.8971622.jpg,Musti
/mnt/data/mudra_work/Bharatanatyam_Mudras/Simhamukha/Image_1754982185.1311946.jpg,Simhamukha
/mnt/data/mudra_work/Bharatanatyam_Mudras/Sikhara/Image_1754982775.1805377.jpg,Sikhara
/mnt/data/mudra_work/Bharatanatyam_Mudras/Trisula/Image_1754981859.0236068.jpg,Trisula
/mnt/data/mudra_work/Bharatanatyam_Mudras/Trisula/Image_1754981730.9884667.jpg,Trisula
/mnt/data/mudra_work/Bharatanatyam_Mudras/Trisula/Image_1754981608.2854059.jpg,Trisula
/mnt/data/mudra_work/Bharatanatyam_Mudras/Trisula/Image_1754981603.6402957.jpg,Trisula
/mnt/data/mudra_work/Bharatanatyam_Mudras/Trisula/Image_1754981600.2993453.jpg,Trisula
/mnt/data/mudra_work/Bharatanatyam_Mudras/Musti/Image_1754983610.9345665.jpg,Musti
/mnt/data/mudra_work/Bharatanatyam_Mudras/Sikhara/Image_1754983212.280026.jpg,Sikhara
/mnt/data/mudra_work/Bharatanatyam_Mudras/Trisula/Image_1754981719.731758.jpg,Trisula
/mnt/data/mudra_work/Bharatanatyam_Mudras/Sikhara/Image_1754982794.501485.jpg,Sikhara
/mnt/data/mudra_work/Bharatanatyam_Mudras/Simhamukha/Image_1754982463.7000105.jpg,Simhamukha
/mnt/data/mudra_work/Bharatanatyam_Mudras/Simhamukha/Image_1754982449.246439.jpg,Simhamukha
/mnt/data/mudra_work/Bharatanatyam_Mudras/Pataka/Image_1754981064.8212612.jpg,Pataka
/mnt/data/mudra_work/Bharatanatyam_Mudras/Musti/Image_1754983443.8744123.jpg,Musti
/mnt/data/mudra_work/Bharatanatyam_Mudras/Simhamukha/Image_1754982416.364598.jpg,Simhamukha
/mnt/data/mudra_work/Bharatanatyam_Mudras/Musti/Image_1754983556.4193838.jpg,Musti
/mnt/data/mudra_work/Bharatanatyam_Mudras/Sikhara/Image_1754983216.358356.jpg,Sikhara
/mnt/data/mudra_work/Bharatanatyam_Mudras/Trisula/Image_1754981699.7512205.jpg,Trisula
/mnt/data/mudra_work/Bharatanatyam_Mudras/Simhamukha/Image_1754982284.8549778.jpg,Simhamukha
/mnt/data/mudra_work/Bharatanatyam_Mudras/Pataka/Image_1754981206.1064258.jpg,Pataka
/mnt/data/mudra_work/Bharatanatyam_Mudras/Musti/Image_1754983368.0185761.jpg,Musti
/mnt/data/mudra_work/Bharatanatyam_Mudras/Pataka/Image_1754981132.0577185.jpg,Pataka
/mnt/data/mudra_work/Bharatanatyam_Mudras/Musti/Image_1754983387.0579293.jpg,Musti
/mnt/data/mudra_work/Bharatanatyam_Mudras/Pataka/Image_1754981124.1983593.jpg,Pataka
/mnt/data/mudra_work/Bharatanatyam_Mudras/Trisula/Image_1754981734.9120998.jpg,Trisula
/mnt/data/mudra_work/Bharatanatyam_Mudras/Pataka/Image_1754980908.5440645.jpg,Pataka
/mnt/data/mudra_work/Bharatanatyam_Mudras/Sikhara/Image_1754982885.877478.jpg,Sikhara
/mnt/data/mudra_work/Bharatanatyam_Mudras/Trisula/Image_1754981864.787833.jpg,Trisula
/mnt/data/mudra_work/Bharatanatyam_Mudras/Musti/Image_1754983368.6015525.jpg,Musti
/mnt/data/mudra_work/Bharatanatyam_Mudras/Musti/Image_1754983428.039799.jpg,Musti
/mnt/data/mudra_work/Bharatanatyam_Mudras/Sikhara/Image_1754982778.287281.jpg,Sikhara
/mnt/data/mudra_work/Bharatanatyam_Mudras/Pataka/Image_1754980927.3321507.jpg,Pataka
/mnt/data/mudra_work/Bharatanatyam_Mudras/Pataka/Image_1754981205.6906106.jpg,Pataka
/mnt/data/mudra_work/Bharatanatyam_Mudras/Simhamukha/Image_1754982111.6189904.jpg,Simhamukha
/mnt/data/mudra_work/Bharatanatyam_Mudras/Musti/Image_1754983443.6756608.jpg,Musti
/mnt/data/mudra_work/Bharatanatyam_Mudras/Pataka/Image_1754980904.7960002.jpg,Pataka
/mnt/data/mudra_work/Bharatanatyam_Mudras/Sikhara/Image_1754983149.1336808.jpg,Sikhara
/mnt/data/mudra_work/Bharatanatyam_Mudras/Musti/Image_1754983447.2434542.jpg,Musti
/mnt/data/mudra_work/Bharatanatyam_Mudras/Pataka/Image_1754981056.8729117.jpg,Pataka
/mnt/data/mudra_work/Bharatanatyam_Mudras/Musti/Image_1754983389.0575037.jpg,Musti
/mnt/data/mudra_work/Bharatanatyam_Mudras/Trisula/Image_1754981608.4679933.jpg,Trisula
/mnt/data/mudra_work/Bharatanatyam_Mudras/Pataka/Image_1754981044.1656656.jpg,Pataka
/mnt/data/mudra_work/Bharatanatyam_Mudras/Simhamukha/Image_1754982092.0379837.jpg,Simhamukha
/mnt/data/mudra_work/Bharatanatyam_Mudras/Simhamukha/Image_1754982126.72486.jpg,Simhamukha
/mnt/data/mudra_work/Bharatanatyam_Mudras/Sikhara/Image_1754982780.420647.jpg,Sikhara
/mnt/data/mudra_work/Bharatanatyam_Mudras/Pataka/Image_1754981237.9373102.jpg,Pataka
/mnt/data/mudra_work/Bharatanatyam_Mudras/Trisula/Image_1754981591.8683732.jpg,Trisula
/mnt/data/mudra_work/Bharatanatyam_Mudras/Simhamukha/Image_1754982111.7132945.jpg,Simhamukha
/mnt/data/mudra_work/Bharatanatyam_Mudras/Musti/Image_1754983353.8652298.jpg,Musti
/mnt/data/mudra_work/Bharatanatyam_Mudras/Trisula/Image_1754981826.9571955.jpg,Trisula
/mnt/data/mudra_work/Bharatanatyam_Mudras/Simhamukha/Image_1754982424.3377705.jpg,Simhamukha
/mnt/data/mudra_work/Bharatanatyam_Mudras/Pataka/Image_1754980920.2671785.jpg,Pataka
/mnt/data/mudra_work/Bharatanatyam_Mudras/Sikhara/Image_1754982870.2105627.jpg,Sikhara
/mnt/data/mudra_work/Bharatanatyam_Mudras/Musti/Image_1754983382.9687862.jpg,Musti
/mnt/data/mudra_work/Bharatanatyam_Mudras/Musti/Image_1754983594.2030342.jpg,Musti
/mnt/data/mudra_work/Bharatanatyam_Mudras/Pataka/Image_1754981208.683179.jpg,Pataka
/mnt/data/mudra_work/Bharatanatyam_Mudras/Trisula/Image_1754981853.330896.jpg,Trisula
/mnt/data/mudra_work/Bharatanatyam_Mudras/Musti/Image_1754983383.0801237.jpg,Musti
/mnt/data/mudra_work/Bharatanatyam_Mudras/Musti/Image_1754983590.1542253.jpg,Musti
/mnt/data/mudra_work/Bharatanatyam_Mudras/Sikhara/Image_1754982929.326439.jpg,Sikhara
/mnt/data/mudra_work/Bharatanatyam_Mudras/Sikhara/Image_1754982946.744629.jpg,Sikhara
/mnt/data/mudra_work/Bharatanatyam_Mudras/Musti/Image_1754983357.6907175.jpg,Musti
/mnt/data/mudra_work/Bharatanatyam_Mudras/Musti/Image_1754983601.1214066.jpg,Musti
/mnt/data/mudra_work/Bharatanatyam_Mudras/Pataka/Image_1754981129.1426623.jpg,Pataka
/mnt/data/mudra_work/Bharatanatyam_Mudras/Sikhara/Image_1754982929.298048.jpg,Sikhara
/mnt/data/mudra_work/Bharatanatyam_Mudras/Simhamukha/Image_1754982210.029495.jpg,Simhamukha
/mnt/data/mudra_work/Bharatanatyam_Mudras/Musti/Image_1754983345.8028822.jpg,Musti
/mnt/data/mudra_work/Bharatanatyam_Mudras/Trisula/Image_1754981699.4531124.jpg,Trisula
/mnt/data/mudra_work/Bharatanatyam_Mudras/Musti/Image_1754983346.0595112.jpg,Musti
/mnt/data/mudra_work/Bharatanatyam_Mudras/Simhamukha/Image_1754982289.7004368.jpg,Simhamukha
/mnt/data/mudra_work/Bharatanatyam_Mudras/Simhamukha/Image_1754982166.6399524.jpg,Simhamukha
/mnt/data/mudra_work/Bharatanatyam_Mudras/Pataka/Image_1754981206.0162637.jpg,Pataka
/mnt/data/mudra_work/Bharatanatyam_Mudras/Trisula/Image_1754981698.2023406.jpg,Trisula
/mnt/data/mudra_work/Bharatanatyam_Mudras/Sikhara/Image_1754982946.2454655.jpg,Sikhara
/mnt/data/mudra_work/Bharatanatyam_Mudras/Pataka/Image_1754981238.0979655.jpg,Pataka
/mnt/data/mudra_work/Bharatanatyam_Mudras/Pataka/Image_1754981129.1150687.jpg,Pataka
/mnt/data/mudra_work/Bharatanatyam_Mudras/Sikhara/Image_1754983068.5387452.jpg,Sikhara
/mnt/data/mudra_work/Bharatanatyam_Mudras/Pataka/Image_1754981129.3981154.jpg,Pataka
/mnt/data/mudra_work/Bharatanatyam_Mudras/Musti/Image_1754983428.2520096.jpg,Musti
/mnt/data/mudra_work/Bharatanatyam_Mudras/Simhamukha/Image_1754982179.822749.jpg,Simhamukha
/mnt/data/mudra_work/Bharatanatyam_Mudras/Sikhara/Image_1754983084.7759833.jpg,Sikhara
/mnt/data/mudra_work/Bharatanatyam_Mudras/Simhamukha/Image_1754982088.996216.jpg,Simhamukha
/mnt/data/mudra_work/Bharatanatyam_Mudras/Simhamukha/Image_1754982289.7642632.jpg,Simhamukha
/mnt/data/mudra_work/Bharatanatyam_Mudras/Trisula/Image_1754981859.8656178.jpg,Trisula
/mnt/data/mudra_work/Bharatanatyam_Mudras/Simhamukha/Image_1754982444.8259537.jpg,Simhamukha
/mnt/data/mudra_work/Bharatanatyam_Mudras/Pataka/Image_1754981080.1930413.jpg,Pataka
/mnt/data/mudra_work/Bharatanatyam_Mudras/Simhamukha/Image_1754982329.124352.jpg,Simhamukha
/mnt/data/mudra_work/Bharatanatyam_Mudras/Sikhara/Image_1754983026.8586998.jpg,Sikhara
/mnt/data/mudra_work/Bharatanatyam_Mudras/Musti/Image_1754983458.6758919.jpg,Musti
/mnt/data/mudra_work/Bharatanatyam_Mudras/Sikhara/Image_1754982855.1362796.jpg,Sikhara
/mnt/data/mudra_work/Bharatanatyam_Mudras/Pataka/Image_1754981064.6667812.jpg,Pataka
/mnt/data/mudra_work/Bharatanatyam_Mudras/Trisula/Image_1754981608.368937.jpg,Trisula
/mnt/data/mudra_work/Bharatanatyam_Mudras/Musti/Image_1754983545.3651493.jpg,Musti
/mnt/data/mudra_work/Bharatanatyam_Mudras/Musti/Image_1754983447.1418626.jpg,Musti
/mnt/data/mudra_work/Bharatanatyam_Mudras/Sikhara/Image_1754982775.2157116.jpg,Sikhara
/mnt/data/mudra_work/Bharatanatyam_Mudras/Simhamukha/Image_1754982111.7791913.jpg,Simhamukha
/mnt/data/mudra_work/Bharatanatyam_Mudras/Simhamukha/Image_1754982296.2828038.jpg,Simhamukha
/mnt/data/mudra_work/Bharatanatyam_Mudras/Pataka/Image_1754981147.9079158.jpg,Pataka
/mnt/data/mudra_work/Bharatanatyam_Mudras/Musti/Image_1754983478.881894.jpg,Musti
/mnt/data/mudra_work/Bharatanatyam_Mudras/Musti/Image_1754983601.028336.jpg,Musti
/mnt/data/mudra_work/Bharatanatyam_Mudras/Simhamukha/Image_1754982321.7898512.jpg,Simhamukha
/mnt/data/mudra_work/Bharatanatyam_Mudras/Simhamukha/Image_1754982286.3379064.jpg,Simhamukha
/mnt/data/mudra_work/Bharatanatyam_Mudras/Musti/Image_1754983590.3011532.jpg,Musti
/mnt/data/mudra_work/Bharatanatyam_Mudras/Trisula/Image_1754981591.453184.jpg,Trisula
/mnt/data/mudra_work/Bharatanatyam_Mudras/Pataka/Image_1754980920.3319585.jpg,Pataka
/mnt/data/mudra_work/Bharatanatyam_Mudras/Trisula/Image_1754981726.8958507.jpg,Trisula
/mnt/data/mudra_work/Bharatanatyam_Mudras/Sikhara/Image_1754982792.7698247.jpg,Sikhara
/mnt/data/mudra_work/Bharatanatyam_Mudras/Trisula/Image_1754981706.2586534.jpg,Trisula
/mnt/data/mudra_work/Bharatanatyam_Mudras/Pataka/Image_1754980913.558781.jpg,Pataka
/mnt/data/mudra_work/Bharatanatyam_Mudras/Musti/Image_1754983539.6345484.jpg,Musti
/mnt/data/mudra_work/Bharatanatyam_Mudras/Pataka/Image_1754980907.7735672.jpg,Pataka
/mnt/data/mudra_work/Bharatanatyam_Mudras/Sikhara/Image_1754983196.0133057.jpg,Sikhara
/mnt/data/mudra_work/Bharatanatyam_Mudras/Musti/Image_1754983364.3664427.jpg,Musti
/mnt/data/mudra_work/Bharatanatyam_Mudras/Musti/Image_1754983521.4898343.jpg,Musti
/mnt/data/mudra_work/Bharatanatyam_Mudras/Pataka/Image_1754980927.7115626.jpg,Pataka
/mnt/data/mudra_work/Bharatanatyam_Mudras/Trisula/Image_1754981597.1637008.jpg,Trisula
/mnt/data/mudra_work/Bharatanatyam_Mudras/Musti/Image_1754983368.7954557.jpg,Musti
/mnt/data/mudra_work/Bharatanatyam_Mudras/Sikhara/Image_1754982798.5114095.jpg,Sikhara
/mnt/data/mudra_work/Bharatanatyam_Mudras/Sikhara/Image_1754982773.052482.jpg,Sikhara
/mnt/data/mudra_work/Bharatanatyam_Mudras/Musti/Image_1754983611.0220368.jpg,Musti
/mnt/data/mudra_work/Bharatanatyam_Mudras/Simhamukha/Image_1754982284.6722188.jpg,Simhamukha
/mnt/data/mudra_work/Bharatanatyam_Mudras/Sikhara/Image_1754983027.2287264.jpg,Sikhara
/mnt/data/mudra_work/Bharatanatyam_Mudras/Musti/Image_1754983521.5445714.jpg,Musti
/mnt/data/mudra_work/Bharatanatyam_Mudras/Musti/Image_1754983612.2442603.jpg,Musti
/mnt/data/mudra_work/Bharatanatyam_Mudras/Musti/Image_1754983447.29017.jpg,Musti
/mnt/data/mudra_work/Bharatanatyam_Mudras/Pataka/Image_1754981144.2388268.jpg,Pataka
/mnt/data/mudra_work/Bharatanatyam_Mudras/Musti/Image_1754983458.5848567.jpg,Musti
/mnt/data/mudra_work/Bharatanatyam_Mudras/Musti/Image_1754983590.238557.jpg,Musti
/mnt/data/mudra_work/Bharatanatyam_Mudras/Sikhara/Image_1754982785.3048608.jpg,Sikhara
/mnt/data/mudra_work/Bharatanatyam_Mudras/Musti/Image_1754983353.7672586.jpg,Musti
/mnt/data/mudra_work/Bharatanatyam_Mudras/Pataka/Image_1754981129.3355753.jpg,Pataka
/mnt/data/mudra_work/Bharatanatyam_Mudras/Musti/Image_1754983533.1357844.jpg,Musti
/mnt/data/mudra_work/Bharatanatyam_Mudras/Pataka/Image_1754981144.2730486.jpg,Pataka
/mnt/data/mudra_work/Bharatanatyam_Mudras/Sikhara/Image_1754982791.3527453.jpg,Sikhara
/mnt/data/mudra_work/Bharatanatyam_Mudras/Simhamukha/Image_1754982091.3718364.jpg,Simhamukha
/mnt/data/mudra_work/Bharatanatyam_Mudras/Sikhara/Image_1754982932.5822518.jpg,Sikhara
/mnt/data/mudra_work/Bharatanatyam_Mudras/Trisula/Image_1754981720.1869075.jpg,Trisula
/mnt/data/mudra_work/Bharatanatyam_Mudras/Sikhara/Image_1754983068.6509955.jpg,Sikhara
/mnt/data/mudra_work/Bharatanatyam_Mudras/Sikhara/Image_1754982918.5490503.jpg,Sikhara
/mnt/data/mudra_work/Bharatanatyam_Mudras/Sikhara/Image_1754983168.8598363.jpg,Sikhara
/mnt/data/mudra_work/Bharatanatyam_Mudras/Sikhara/Image_1754982949.1909513.jpg,Sikhara
/mnt/data/mudra_work/Bharatanatyam_Mudras/Sikhara/Image_1754982800.6669605.jpg,Sikhara
/mnt/data/mudra_work/Bharatanatyam_Mudras/Simhamukha/Image_1754982166.431975.jpg,Simhamukha
/mnt/data/mudra_work/Bharatanatyam_Mudras/Trisula/Image_1754981699.5590117.jpg,Trisula
/mnt/data/mudra_work/Bharatanatyam_Mudras/Trisula/Image_1754981699.5261579.jpg,Trisula
/mnt/data/mudra_work/Bharatanatyam_Mudras/Sikhara/Image_1754982785.5465965.jpg,Sikhara
/mnt/data/mudra_work/Bharatanatyam_Mudras/Pataka/Image_1754981198.7025614.jpg,Pataka
/mnt/data/mudra_work/Bharatanatyam_Mudras/Musti/Image_1754983516.3189304.jpg,Musti
/mnt/data/mudra_work/Bharatanatyam_Mudras/Trisula/Image_1754981610.287285.jpg,Trisula
/mnt/data/mudra_work/Bharatanatyam_Mudras/Musti/Image_1754983443.901946.jpg,Musti
/mnt/data/mudra_work/Bharatanatyam_Mudras/Sikhara/Image_1754983048.0439076.jpg,Sikhara
/mnt/data/mudra_work/Bharatanatyam_Mudras/Trisula/Image_1754981711.4201446.jpg,Trisula
/mnt/data/mudra_work/Bharatanatyam_Mudras/Trisula/Image_1754981591.7372088.jpg,Trisula
/mnt/data/mudra_work/Bharatanatyam_Mudras/Musti/Image_1754983479.8977711.jpg,Musti
/mnt/data/mudra_work/Bharatanatyam_Mudras/Sikhara/Image_1754983068.6776536.jpg,Sikhara
/mnt/data/mudra_work/Bharatanatyam_Mudras/Simhamukha/Image_1754982443.4189034.jpg,Simhamukha
/mnt/data/mudra_work/Bharatanatyam_Mudras/Musti/Image_1754983479.0502887.jpg,Musti
/mnt/data/mudra_work/Bharatanatyam_Mudras/Trisula/Image_1754981735.104505.jpg,Trisula
/mnt/data/mudra_work/Bharatanatyam_Mudras/Trisula/Image_1754981597.6116164.jpg,Trisula
/mnt/data/mudra_work/Bharatanatyam_Mudras/Simhamukha/Image_1754982091.8222528.jpg,Simhamukha
/mnt/data/mudra_work/Bharatanatyam_Mudras/Pataka/Image_1754981078.8178096.jpg,Pataka
/mnt/data/mudra_work/Bharatanatyam_Mudras/Pataka/Image_1754981057.0394275.jpg,Pataka
/mnt/data/mudra_work/Bharatanatyam_Mudras/Pataka/Image_1754981198.882465.jpg,Pataka
/mnt/data/mudra_work/Bharatanatyam_Mudras/Pataka/Image_1754981205.5988393.jpg,Pataka
/mnt/data/mudra_work/Bharatanatyam_Mudras/Musti/Image_1754983533.0181134.jpg,Musti
/mnt/data/mudra_work/Bharatanatyam_Mudras/Pataka/Image_1754981065.0352087.jpg,Pataka
/mnt/data/mudra_work/Bharatanatyam_Mudras/Musti/Image_1754983438.8913088.jpg,Musti
/mnt/data/mudra_work/Bharatanatyam_Mudras/Trisula/Image_1754981520.9682121.jpg,Trisula
/mnt/data/mudra_work/Bharatanatyam_Mudras/Trisula/Image_1754981830.5294583.jpg,Trisula
/mnt/data/mudra_work/Bharatanatyam_Mudras/Pataka/Image_1754981149.467125.jpg,Pataka
/mnt/data/mudra_work/Bharatanatyam_Mudras/Musti/Image_1754983357.9007416.jpg,Musti
/mnt/data/mudra_work/Bharatanatyam_Mudras/Trisula/Image_1754981620.263537.jpg,Trisula
/mnt/data/mudra_work/Bharatanatyam_Mudras/Musti/Image_1754983517.032059.jpg,Musti
/mnt/data/mudra_work/Bharatanatyam_Mudras/Trisula/Image_1754981591.4742687.jpg,Trisula
/mnt/data/mudra_work/Bharatanatyam_Mudras/Pataka/Image_1754981208.7108505.jpg,Pataka
/mnt/data/mudra_work/Bharatanatyam_Mudras/Sikhara/Image_1754982961.13273.jpg,Sikhara
/mnt/data/mudra_work/Bharatanatyam_Mudras/Musti/Image_1754983606.7235177.jpg,Musti
/mnt/data/mudra_work/Bharatanatyam_Mudras/Sikhara/Image_1754983149.0592494.jpg,Sikhara
/mnt/data/mudra_work/Bharatanatyam_Mudras/Musti/Image_1754983595.709429.jpg,Musti
/mnt/data/mudra_work/Bharatanatyam_Mudras/Musti/Image_1754983539.7470102.jpg,Musti
/mnt/data/mudra_work/Bharatanatyam_Mudras/Trisula/Image_1754981603.571552.jpg,Trisula
/mnt/data/mudra_work/Bharatanatyam_Mudras/Trisula/Image_1754981731.0655308.jpg,Trisula
/mnt/data/mudra_work/Bharatanatyam_Mudras/Sikhara/Image_1754983062.6472666.jpg,Sikhara
/mnt/data/mudra_work/Bharatanatyam_Mudras/Simhamukha/Image_1754982289.8540342.jpg,Simhamukha
/mnt/data/mudra_work/Bharatanatyam_Mudras/Trisula/Image_1754981512.7186673.jpg,Trisula
/mnt/data/mudra_work/Bharatanatyam_Mudras/Trisula/Image_1754981827.7915971.jpg,Trisula
/mnt/data/mudra_work/Bharatanatyam_Mudras/Musti/Image_1754983610.9953802.jpg,Musti
/mnt/data/mudra_work/Bharatanatyam_Mudras/Musti/Image_1754983360.233393.jpg,Musti
/mnt/data/mudra_work/Bharatanatyam_Mudras/Musti/Image_1754983345.713334.jpg,Musti
/mnt/data/mudra_work/Bharatanatyam_Mudras/Sikhara/Image_1754982798.5667048.jpg,Sikhara
/mnt/data/mudra_work/Bharatanatyam_Mudras/Pataka/Image_1754981038.151821.jpg,Pataka
/mnt/data/mudra_work/Bharatanatyam_Mudras/Simhamukha/Image_1754982221.9323251.jpg,Simhamukha
/mnt/data/mudra_work/Bharatanatyam_Mudras/Musti/Image_1754983556.4809577.jpg,Musti
/mnt/data/mudra_work/Bharatanatyam_Mudras/Musti/Image_1754983428.2123778.jpg,Musti
/mnt/data/mudra_work/Bharatanatyam_Mudras/Musti/Image_1754983479.3346484.jpg,Musti
/mnt/data/mudra_work/Bharatanatyam_Mudras/Simhamukha/Image_1754982095.4334123.jpg,Simhamukha
/mnt/data/mudra_work/Bharatanatyam_Mudras/Trisula/Image_1754981520.8372433.jpg,Trisula
/mnt/data/mudra_work/Bharatanatyam_Mudras/Sikhara/Image_1754983027.0064175.jpg,Sikhara
/mnt/data/mudra_work/Bharatanatyam_Mudras/Pataka/Image_1754981234.2020335.jpg,Pataka
/mnt/data/mudra_work/Bharatanatyam_Mudras/Trisula/Image_1754981620.2425392.jpg,Trisula
/mnt/data/mudra_work/Bharatanatyam_Mudras/Simhamukha/Image_1754982305.171707.jpg,Simhamukha
/mnt/data/mudra_work/Bharatanatyam_Mudras/Musti/Image_1754983443.625905.jpg,Musti
/mnt/data/mudra_work/Bharatanatyam_Mudras/Simhamukha/Image_1754982285.7902603.jpg,Simhamukha
/mnt/data/mudra_work/Bharatanatyam_Mudras/Simhamukha/Image_1754982211.3659863.jpg,Simhamukha
/mnt/data/mudra_work/Bharatanatyam_Mudras/Sikhara/Image_1754982785.4240675.jpg,Sikhara
/mnt/data/mudra_work/Bharatanatyam_Mudras/Simhamukha/Image_1754982112.2310624.jpg,Simhamukha
/mnt/data/mudra_work/Bharatanatyam_Mudras/Pataka/Image_1754980897.374319.jpg,Pataka
/mnt/data/mudra_work/Bharatanatyam_Mudras/Pataka/Image_1754981148.044389.jpg,Pataka
/mnt/data/mudra_work/Bharatanatyam_Mudras/Simhamukha/Image_1754982445.6724803.jpg,Simhamukha
/mnt/data/mudra_work/Bharatanatyam_Mudras/Trisula/Image_1754981707.405272.jpg,Trisula
/mnt/data/mudra_work/Bharatanatyam_Mudras/Trisula/Image_1754981515.307821.jpg,Trisula
/mnt/data/mudra_work/Bharatanatyam_Mudras/Sikhara/Image_1754982959.6268516.jpg,Sikhara
/mnt/data/mudra_work/Bharatanatyam_Mudras/Sikhara/Image_1754982870.0918026.jpg,Sikhara
/mnt/data/mudra_work/Bharatanatyam_Mudras/Simhamukha/Image_1754982208.1898518.jpg,Simhamukha
/mnt/data/mudra_work/Bharatanatyam_Mudras/Pataka/Image_1754980920.5042326.jpg,Pataka
/mnt/data/mudra_work/Bharatanatyam_Mudras/Simhamukha/Image_1754982291.026148.jpg,Simhamukha
/mnt/data/mudra_work/Bharatanatyam_Mudras/Pataka/Image_1754981205.7744763.jpg,Pataka
/mnt/data/mudra_work/Bharatanatyam_Mudras/Musti/Image_1754983478.6347613.jpg,Musti
/mnt/data/mudra_work/Bharatanatyam_Mudras/Pataka/Image_1754981049.1100655.jpg,Pataka
/mnt/data/mudra_work/Bharatanatyam_Mudras/Pataka/Image_1754981147.8742037.jpg,Pataka
/mnt/data/mudra_work/Bharatanatyam_Mudras/Musti/Image_1754983594.1208405.jpg,Musti
/mnt/data/mudra_work/Bharatanatyam_Mudras/Pataka/Image_1754980904.8158007.jpg,Pataka
/mnt/data/mudra_work/Bharatanatyam_Mudras/Musti/Image_1754983545.4607356.jpg,Musti
/mnt/data/mudra_work/Bharatanatyam_Mudras/Simhamukha/Image_1754982129.5718021.jpg,Simhamukha
/mnt/data/mudra_work/Bharatanatyam_Mudras/Trisula/Image_1754981853.267261.jpg,Trisula
/mnt/data/mudra_work/Bharatanatyam_Mudras/Sikhara/Image_1754982929.2654622.jpg,Sikhara
/mnt/data/mudra_work/Bharatanatyam_Mudras/Pataka/Image_1754981124.6504884.jpg,Pataka
/mnt/data/mudra_work/Bharatanatyam_Mudras/Trisula/Image_1754981719.9467967.jpg,Trisula
/mnt/data/mudra_work/Bharatanatyam_Mudras/Trisula/Image_1754981699.6356354.jpg,Trisula
/mnt/data/mudra_work/Bharatanatyam_Mudras/Sikhara/Image_1754982933.177013.jpg,Sikhara
/mnt/data/mudra_work/Bharatanatyam_Mudras/Sikhara/Image_1754982873.8629951.jpg,Sikhara
/mnt/data/mudra_work/Bharatanatyam_Mudras/Musti/Image_1754983334.0621035.jpg,Musti
/mnt/data/mudra_work/Bharatanatyam_Mudras/Pataka/Image_1754980892.217719.jpg,Pataka
/mnt/data/mudra_work/Bharatanatyam_Mudras/Pataka/Image_1754981206.0498788.jpg,Pataka
/mnt/data/mudra_work/Bharatanatyam_Mudras/Sikhara/Image_1754982885.848256.jpg,Sikhara
/mnt/data/mudra_work/Bharatanatyam_Mudras/Musti/Image_1754983617.689889.jpg,Musti
/mnt/data/mudra_work/Bharatanatyam_Mudras/Musti/Image_1754983353.4982772.jpg,Musti
/mnt/data/mudra_work/Bharatanatyam_Mudras/Trisula/Image_1754981514.6999857.jpg,Trisula
/mnt/data/mudra_work/Bharatanatyam_Mudras/Pataka/Image_1754981064.694076.jpg,Pataka
/mnt/data/mudra_work/Bharatanatyam_Mudras/Trisula/Image_1754981859.780842.jpg,Trisula
/mnt/data/mudra_work/Bharatanatyam_Mudras/Pataka/Image_1754981211.9038825.jpg,Pataka
/mnt/data/mudra_work/Bharatanatyam_Mudras/Trisula/Image_1754981734.3724217.jpg,Trisula
/mnt/data/mudra_work/Bharatanatyam_Mudras/Sikhara/Image_1754983084.886929.jpg,Sikhara
/mnt/data/mudra_work/Bharatanatyam_Mudras/Musti/Image_1754983517.1282861.jpg,Musti
/mnt/data/mudra_work/Bharatanatyam_Mudras/Sikhara/Image_1754983073.8527691.jpg,Sikhara
/mnt/data/mudra_work/Bharatanatyam_Mudras/Trisula/Image_1754981727.4530597.jpg,Trisula
/mnt/data/mudra_work/Bharatanatyam_Mudras/Musti/Image_1754983357.6300845.jpg,Musti
/mnt/data/mudra_work/Bharatanatyam_Mudras/Simhamukha/Image_1754982447.9952648.jpg,Simhamukha
/mnt/data/mudra_work/Bharatanatyam_Mudras/Sikhara/Image_1754982870.1749096.jpg,Sikhara
/mnt/data/mudra_work/Bharatanatyam_Mudras/Simhamukha/Image_1754982089.0547745.jpg,Simhamukha
/mnt/data/mudra_work/Bharatanatyam_Mudras/Sikhara/Image_1754983140.5255964.jpg,Sikhara
/mnt/data/mudra_work/Bharatanatyam_Mudras/Sikhara/Image_1754983140.573274.jpg,Sikhara
/mnt/data/mudra_work/Bharatanatyam_Mudras/Pataka/Image_1754981198.8624465.jpg,Pataka
/mnt/data/mudra_work/Bharatanatyam_Mudras/Musti/Image_1754983451.1636784.jpg,Musti
/mnt/data/mudra_work/Bharatanatyam_Mudras/Sikhara/Image_1754982787.738009.jpg,Sikhara
/mnt/data/mudra_work/Bharatanatyam_Mudras/Musti/Image_1754983533.0754814.jpg,Musti
/mnt/data/mudra_work/Bharatanatyam_Mudras/Pataka/Image_1754981056.811293.jpg,Pataka
/mnt/data/mudra_work/Bharatanatyam_Mudras/Simhamukha/Image_1754982121.77169.jpg,Simhamukha
/mnt/data/mudra_work/Bharatanatyam_Mudras/Trisula/Image_1754981707.3555672.jpg,Trisula
/mnt/data/mudra_work/Bharatanatyam_Mudras/Trisula/Image_1754981591.5905704.jpg,Trisula
/mnt/data/mudra_work/Bharatanatyam_Mudras/Pataka/Image_1754980920.2148523.jpg,Pataka
/mnt/data/mudra_work/Bharatanatyam_Mudras/Musti/Image_1754983479.132466.jpg,Musti
/mnt/data/mudra_work/Bharatanatyam_Mudras/Trisula/Image_1754981497.0135534.jpg,Trisula
/mnt/data/mudra_work/Bharatanatyam_Mudras/Simhamukha/Image_1754982290.9287817.jpg,Simhamukha
/mnt/data/mudra_work/Bharatanatyam_Mudras/Musti/Image_1754983451.0814044.jpg,Musti
/mnt/data/mudra_work/Bharatanatyam_Mudras/Pataka/Image_1754980904.4597156.jpg,Pataka
/mnt/data/mudra_work/Bharatanatyam_Mudras/Trisula/Image_1754981523.0633845.jpg,Trisula
/mnt/data/mudra_work/Bharatanatyam_Mudras/Pataka/Image_1754980897.428587.jpg,Pataka
/mnt/data/mudra_work/Bharatanatyam_Mudras/Sikhara/Image_1754982780.532635.jpg,Sikhara
/mnt/data/mudra_work/Bharatanatyam_Mudras/Pataka/Image_1754980905.0036132.jpg,Pataka
/mnt/data/mudra_work/Bharatanatyam_Mudras/Simhamukha/Image_1754982462.058747.jpg,Simhamukha
/mnt/data/mudra_work/Bharatanatyam_Mudras/Musti/Image_1754983556.3084755.jpg,Musti
/mnt/data/mudra_work/Bharatanatyam_Mudras/Pataka/Image_1754981203.4269254.jpg,Pataka
/mnt/data/mudra_work/Bharatanatyam_Mudras/Pataka/Image_1754980920.9032927.jpg,Pataka
/mnt/data/mudra_work/Bharatanatyam_Mudras/Trisula/Image_1754981730.959741.jpg,Trisula
/mnt/data/mudra_work/Bharatanatyam_Mudras/Sikhara/Image_1754983027.1125016.jpg,Sikhara
/mnt/data/mudra_work/Bharatanatyam_Mudras/Pataka/Image_1754981085.0397336.jpg,Pataka
/mnt/data/mudra_work/Bharatanatyam_Mudras/Sikhara/Image_1754983028.1313143.jpg,Sikhara
/mnt/data/mudra_work/Bharatanatyam_Mudras/Sikhara/Image_1754983047.3530707.jpg,Sikhara
/mnt/data/mudra_work/Bharatanatyam_Mudras/Trisula/Image_1754981829.9444506.jpg,Trisula
/mnt/data/mudra_work/Bharatanatyam_Mudras/Sikhara/Image_1754982950.3418443.jpg,Sikhara
/mnt/data/mudra_work/Bharatanatyam_Mudras/Simhamukha/Image_1754982091.6191204.jpg,Simhamukha
/mnt/data/mudra_work/Bharatanatyam_Mudras/Simhamukha/Image_1754982171.2639866.jpg,Simhamukha
/mnt/data/mudra_work/Bharatanatyam_Mudras/Simhamukha/Image_1754982296.5040734.jpg,Simhamukha
/mnt/data/mudra_work/Bharatanatyam_Mudras/Musti/Image_1754983625.751687.jpg,Musti
/mnt/data/mudra_work/Bharatanatyam_Mudras/Trisula/Image_1754981520.9888265.jpg,Trisula
/mnt/data/mudra_work/Bharatanatyam_Mudras/Sikhara/Image_1754982787.7664683.jpg,Sikhara
/mnt/data/mudra_work/Bharatanatyam_Mudras/Trisula/Image_1754981600.6043282.jpg,Trisula
/mnt/data/mudra_work/Bharatanatyam_Mudras/Simhamukha/Image_1754982183.5839155.jpg,Simhamukha
/mnt/data/mudra_work/Bharatanatyam_Mudras/Pataka/Image_1754981138.0948331.jpg,Pataka
/mnt/data/mudra_work/Bharatanatyam_Mudras/Musti/Image_1754983595.7399137.jpg,Musti
/mnt/data/mudra_work/Bharatanatyam_Mudras/Musti/Image_1754983553.2258189.jpg,Musti
/mnt/data/mudra_work/Bharatanatyam_Mudras/Pataka/Image_1754981124.5318224.jpg,Pataka
/mnt/data/mudra_work/Bharatanatyam_Mudras/Trisula/Image_1754981720.155781.jpg,Trisula
/mnt/data/mudra_work/Bharatanatyam_Mudras/Pataka/Image_1754980904.4972363.jpg,Pataka
/mnt/data/mudra_work/Bharatanatyam_Mudras/Trisula/Image_1754981512.8563323.jpg,Trisula
/mnt/data/mudra_work/Bharatanatyam_Mudras/Simhamukha/Image_1754982457.5089822.jpg,Simhamukha
/mnt/data/mudra_work/Bharatanatyam_Mudras/Musti/Image_1754983479.368.jpg,Musti
/mnt/data/mudra_work/Bharatanatyam_Mudras/Simhamukha/Image_1754982222.0206747.jpg,Simhamukha
/mnt/data/mudra_work/Bharatanatyam_Mudras/Musti/Image_1754983368.7675624.jpg,Musti
/mnt/data/mudra_work/Bharatanatyam_Mudras/Sikhara/Image_1754982942.4453707.jpg,Sikhara
/mnt/data/mudra_work/Bharatanatyam_Mudras/Pataka/Image_1754981151.8664014.jpg,Pataka
/mnt/data/mudra_work/Bharatanatyam_Mudras/Pataka/Image_1754981048.9030788.jpg,Pataka
/mnt/data/mudra_work/Bharatanatyam_Mudras/Trisula/Image_1754981628.4533453.jpg,Trisula
/mnt/data/mudra_work/Bharatanatyam_Mudras/Simhamukha/Image_1754982128.8919265.jpg,Simhamukha
/mnt/data/mudra_work/Bharatanatyam_Mudras/Musti/Image_1754983458.6216054.jpg,Musti
/mnt/data/mudra_work/Bharatanatyam_Mudras/Musti/Image_1754983610.9638157.jpg,Musti
/mnt/data/mudra_work/Bharatanatyam_Mudras/Sikhara/Image_1754983140.3706431.jpg,Sikhara
/mnt/data/mudra_work/Bharatanatyam_Mudras/Trisula/Image_1754981597.584139.jpg,Trisula
/mnt/data/mudra_work/Bharatanatyam_Mudras/Simhamukha/Image_1754982221.9913797.jpg,Simhamukha
/mnt/data/mudra_work/Bharatanatyam_Mudras/Musti/Image_1754983334.5245898.jpg,Musti
/mnt/data/mudra_work/Bharatanatyam_Mudras/Pataka/Image_1754981208.3949223.jpg,Pataka
/mnt/data/mudra_work/Bharatanatyam_Mudras/Trisula/Image_1754981853.391962.jpg,Trisula
/mnt/data/mudra_work/Bharatanatyam_Mudras/Sikhara/Image_1754983057.0609822.jpg,Sikhara
/mnt/data/mudra_work/Bharatanatyam_Mudras/Sikhara/Image_1754982785.846155.jpg,Sikhara
/mnt/data/mudra_work/Bharatanatyam_Mudras/Trisula/Image_1754981591.8889678.jpg,Trisula
/mnt/data/mudra_work/Bharatanatyam_Mudras/Pataka/Image_1754981048.8380399.jpg,Pataka
/mnt/data/mudra_work/Bharatanatyam_Mudras/Musti/Image_1754983390.432291.jpg,Musti
/mnt/data/mudra_work/Bharatanatyam_Mudras/Pataka/Image_1754980908.4205434.jpg,Pataka
/mnt/data/mudra_work/Bharatanatyam_Mudras/Simhamukha/Image_1754982449.128441.jpg,Simhamukha
/mnt/data/mudra_work/Bharatanatyam_Mudras/Musti/Image_1754983521.2806656.jpg,Musti
/mnt/data/mudra_work/Bharatanatyam_Mudras/Trisula/Image_1754981520.8923593.jpg,Trisula
/mnt/data/mudra_work/Bharatanatyam_Mudras/Sikhara/Image_1754982949.0665731.jpg,Sikhara
/mnt/data/mudra_work/Bharatanatyam_Mudras/Sikhara/Image_1754983169.4327073.jpg,Sikhara
/mnt/data/mudra_work/Bharatanatyam_Mudras/Sikhara/Image_1754982787.9280357.jpg,Sikhara
/mnt/data/mudra_work/Bharatanatyam_Mudras/Pataka/Image_1754981198.111804.jpg,Pataka
/mnt/data/mudra_work/Bharatanatyam_Mudras/Pataka/Image_1754981048.6361425.jpg,Pataka
/mnt/data/mudra_work/Bharatanatyam_Mudras/Trisula/Image_1754981502.405878.jpg,Trisula
/mnt/data/mudra_work/Bharatanatyam_Mudras/Musti/Image_1754983532.9691362.jpg,Musti
/mnt/data/mudra_work/Bharatanatyam_Mudras/Simhamukha/Image_1754982449.3639407.jpg,Simhamukha
/mnt/data/mudra_work/Bharatanatyam_Mudras/Simhamukha/Image_1754982185.4258268.jpg,Simhamukha
/mnt/data/mudra_work/Bharatanatyam_Mudras/Trisula/Image_1754981699.6552389.jpg,Trisula
/mnt/data/mudra_work/Bharatanatyam_Mudras/Pataka/Image_1754981204.1331985.jpg,Pataka
/mnt/data/mudra_work/Bharatanatyam_Mudras/Pataka/Image_1754981208.4886513.jpg,Pataka
/mnt/data/mudra_work/Bharatanatyam_Mudras/Trisula/Image_1754981735.126375.jpg,Trisula
/mnt/data/mudra_work/Bharatanatyam_Mudras/Sikhara/Image_1754982780.7905416.jpg,Sikhara
/mnt/data/mudra_work/Bharatanatyam_Mudras/Musti/Image_1754983593.9597976.jpg,Musti
/mnt/data/mudra_work/Bharatanatyam_Mudras/Sikhara/Image_1754983172.213062.jpg,Sikhara
/mnt/data/mudra_work/Bharatanatyam_Mudras/Musti/Image_1754983335.2570777.jpg,Musti
/mnt/data/mudra_work/Bharatanatyam_Mudras/Trisula/Image_1754981515.0282826.jpg,Trisula
/mnt/data/mudra_work/Bharatanatyam_Mudras/Sikhara/Image_1754982780.915467.jpg,Sikhara
/mnt/data/mudra_work/Bharatanatyam_Mudras/Musti/Image_1754983601.8701055.jpg,Musti
/mnt/data/mudra_work/Bharatanatyam_Mudras/Sikhara/Image_1754982856.3643453.jpg,Sikhara
/mnt/data/mudra_work/Bharatanatyam_Mudras/Musti/Image_1754983450.6012406.jpg,Musti
/mnt/data/mudra_work/Bharatanatyam_Mudras/Pataka/Image_1754980891.3721292.jpg,Pataka
/mnt/data/mudra_work/Bharatanatyam_Mudras/Sikhara/Image_1754982775.3070838.jpg,Sikhara
/mnt/data/mudra_work/Bharatanatyam_Mudras/Musti/Image_1754983595.9775214.jpg,Musti
/mnt/data/mudra_work/Bharatanatyam_Mudras/Pataka/Image_1754980920.2458968.jpg,Pataka
/mnt/data/mudra_work/Bharatanatyam_Mudras/Simhamukha/Image_1754982184.8635614.jpg,Simhamukha
/mnt/data/mudra_work/Bharatanatyam_Mudras/Sikhara/Image_1754982785.7372484.jpg,Sikhara
/mnt/data/mudra_work/Bharatanatyam_Mudras/Trisula/Image_1754981827.0797505.jpg,Trisula
/mnt/data/mudra_work/Bharatanatyam_Mudras/Sikhara/Image_1754983029.348831.jpg,Sikhara
/mnt/data/mudra_work/Bharatanatyam_Mudras/Simhamukha/Image_1754982289.6720865.jpg,Simhamukha
/mnt/data/mudra_work/Bharatanatyam_Mudras/Musti/Image_1754983597.375947.jpg,Musti
/mnt/data/mudra_work/Bharatanatyam_Mudras/Pataka/Image_1754981087.6653044.jpg,Pataka
/mnt/data/mudra_work/Bharatanatyam_Mudras/Trisula/Image_1754981519.816573.jpg,Trisula
/mnt/data/mudra_work/Bharatanatyam_Mudras/Musti/Image_1754983590.2112703.jpg,Musti
/mnt/data/mudra_work/Bharatanatyam_Mudras/Trisula/Image_1754981626.8179555.jpg,Trisula
/mnt/data/mudra_work/Bharatanatyam_Mudras/Sikhara/Image_1754982918.4247355.jpg,Sikhara
/mnt/data/mudra_work/Bharatanatyam_Mudras/Simhamukha/Image_1754982305.5747497.jpg,Simhamukha
/mnt/data/mudra_work/Bharatanatyam_Mudras/Pataka/Image_1754980932.7838976.jpg,Pataka
/mnt/data/mudra_work/Bharatanatyam_Mudras/Sikhara/Image_1754983061.7190678.jpg,Sikhara
/mnt/data/mudra_work/Bharatanatyam_Mudras/Musti/Image_1754983564.6413834.jpg,Musti
/mnt/data/mudra_work/Bharatanatyam_Mudras/Trisula/Image_1754981514.8987825.jpg,Trisula
/mnt/data/mudra_work/Bharatanatyam_Mudras/Simhamukha/Image_1754982111.508262.jpg,Simhamukha
/mnt/data/mudra_work/Bharatanatyam_Mudras/Sikhara/Image_1754983168.4264355.jpg,Sikhara
/mnt/data/mudra_work/Bharatanatyam_Mudras/Sikhara/Image_1754982855.2877514.jpg,Sikhara
/mnt/data/mudra_work/Bharatanatyam_Mudras/Musti/Image_1754983388.7183547.jpg,Musti
/mnt/data/mudra_work/Bharatanatyam_Mudras/Sikhara/Image_1754982929.915012.jpg,Sikhara
/mnt/data/mudra_work/Bharatanatyam_Mudras/Musti/Image_1754983564.7649662.jpg,Musti
/mnt/data/mudra_work/Bharatanatyam_Mudras/Simhamukha/Image_1754982416.4204955.jpg,Simhamukha
/mnt/data/mudra_work/Bharatanatyam_Mudras/Trisula/Image_1754981620.191581.jpg,Trisula
/mnt/data/mudra_work/Bharatanatyam_Mudras/Simhamukha/Image_1754982462.0334945.jpg,Simhamukha
/mnt/data/mudra_work/Bharatanatyam_Mudras/Trisula/Image_1754981845.3989978.jpg,Trisula
/mnt/data/mudra_work/Bharatanatyam_Mudras/Simhamukha/Image_1754982445.6274273.jpg,Simhamukha
/mnt/data/mudra_work/Bharatanatyam_Mudras/Pataka/Image_1754981198.668575.jpg,Pataka
/mnt/data/mudra_work/Bharatanatyam_Mudras/Sikhara/Image_1754983171.6547468.jpg,Sikhara
/mnt/data/mudra_work/Bharatanatyam_Mudras/Trisula/Image_1754981731.4450264.jpg,Trisula
/mnt/data/mudra_work/Bharatanatyam_Mudras/Sikhara/Image_1754982794.5324106.jpg,Sikhara
/mnt/data/mudra_work/Bharatanatyam_Mudras/Sikhara/Image_1754982855.171201.jpg,Sikhara
/mnt/data/mudra_work/Bharatanatyam_Mudras/Trisula/Image_1754981852.3505578.jpg,Trisula
/mnt/data/mudra_work/Bharatanatyam_Mudras/Musti/Image_1754983451.275719.jpg,Musti
/mnt/data/mudra_work/Bharatanatyam_Mudras/Sikhara/Image_1754983178.721139.jpg,Sikhara
/mnt/data/mudra_work/Bharatanatyam_Mudras/Pataka/Image_1754981083.7217233.jpg,Pataka
/mnt/data/mudra_work/Bharatanatyam_Mudras/Sikhara/Image_1754983047.2912188.jpg,Sikhara
/mnt/data/mudra_work/Bharatanatyam_Mudras/Pataka/Image_1754981064.7501237.jpg,Pataka
/mnt/data/mudra_work/Bharatanatyam_Mudras/Simhamukha/Image_1754982126.8245692.jpg,Simhamukha
/mnt/data/mudra_work/Bharatanatyam_Mudras/Simhamukha/Image_1754982111.5305595.jpg,Simhamukha
/mnt/data/mudra_work/Bharatanatyam_Mudras/Sikhara/Image_1754982780.8820264.jpg,Sikhara
/mnt/data/mudra_work/Bharatanatyam_Mudras/Sikhara/Image_1754983145.482485.jpg,Sikhara
/mnt/data/mudra_work/Bharatanatyam_Mudras/Pataka/Image_1754981204.196594.jpg,Pataka
/mnt/data/mudra_work/Bharatanatyam_Mudras/Simhamukha/Image_1754982179.5044513.jpg,Simhamukha
/mnt/data/mudra_work/Bharatanatyam_Mudras/Musti/Image_1754983357.7099423.jpg,Musti
/mnt/data/mudra_work/Bharatanatyam_Mudras/Musti/Image_1754983345.6853588.jpg,Musti
/mnt/data/mudra_work/Bharatanatyam_Mudras/Pataka/Image_1754981199.9962366.jpg,Pataka
/mnt/data/mudra_work/Bharatanatyam_Mudras/Simhamukha/Image_1754982179.855569.jpg,Simhamukha
/mnt/data/mudra_work/Bharatanatyam_Mudras/Simhamukha/Image_1754982088.3784199.jpg,Simhamukha
/mnt/data/mudra_work/Bharatanatyam_Mudras/Pataka/Image_1754981079.2412305.jpg,Pataka
/mnt/data/mudra_work/Bharatanatyam_Mudras/Pataka/Image_1754981052.5908859.jpg,Pataka
/mnt/data/mudra_work/Bharatanatyam_Mudras/Simhamukha/Image_1754982296.5411615.jpg,Simhamukha
/mnt/data/mudra_work/Bharatanatyam_Mudras/Sikhara/Image_1754983168.1875978.jpg,Sikhara
/mnt/data/mudra_work/Bharatanatyam_Mudras/Trisula/Image_1754981532.5314693.jpg,Trisula
/mnt/data/mudra_work/Bharatanatyam_Mudras/Simhamukha/Image_1754982445.7058964.jpg,Simhamukha
/mnt/data/mudra_work/Bharatanatyam_Mudras/Trisula/Image_1754981515.1079059.jpg,Trisula
/mnt/data/mudra_work/Bharatanatyam_Mudras/Trisula/Image_1754981720.398679.jpg,Trisula
/mnt/data/mudra_work/Bharatanatyam_Mudras/Simhamukha/Image_1754982178.9653656.jpg,Simhamukha
/mnt/data/mudra_work/Bharatanatyam_Mudras/Sikhara/Image_1754982773.1994228.jpg,Sikhara
/mnt/data/mudra_work/Bharatanatyam_Mudras/Simhamukha/Image_1754982416.46903.jpg,Simhamukha
/mnt/data/mudra_work/Bharatanatyam_Mudras/Trisula/Image_1754981532.910828.jpg,Trisula
/mnt/data/mudra_work/Bharatanatyam_Mudras/Simhamukha/Image_1754982166.667662.jpg,Simhamukha
/mnt/data/mudra_work/Bharatanatyam_Mudras/Trisula/Image_1754981864.282179.jpg,Trisula
/mnt/data/mudra_work/Bharatanatyam_Mudras/Musti/Image_1754983521.4034755.jpg,Musti
/mnt/data/mudra_work/Bharatanatyam_Mudras/Musti/Image_1754983617.1544633.jpg,Musti
/mnt/data/mudra_work/Bharatanatyam_Mudras/Simhamukha/Image_1754982285.9234633.jpg,Simhamukha
/mnt/data/mudra_work/Bharatanatyam_Mudras/Musti/Image_1754983607.3777552.jpg,Musti
/mnt/data/mudra_work/Bharatanatyam_Mudras/Trisula/Image_1754981597.4392495.jpg,Trisula
/mnt/data/mudra_work/Bharatanatyam_Mudras/Simhamukha/Image_1754982111.9400287.jpg,Simhamukha
/mnt/data/mudra_work/Bharatanatyam_Mudras/Musti/Image_1754983454.6810431.jpg,Musti
/mnt/data/mudra_work/Bharatanatyam_Mudras/Sikhara/Image_1754983084.0532305.jpg,Sikhara
/mnt/data/mudra_work/Bharatanatyam_Mudras/Musti/Image_1754983479.1609812.jpg,Musti
/mnt/data/mudra_work/Bharatanatyam_Mudras/Musti/Image_1754983602.4177313.jpg,Musti
/mnt/data/mudra_work/Bharatanatyam_Mudras/Pataka/Image_1754980920.2905946.jpg,Pataka
/mnt/data/mudra_work/Bharatanatyam_Mudras/Musti/Image_1754983609.098407.jpg,Musti
/mnt/data/mudra_work/Bharatanatyam_Mudras/Musti/Image_1754983564.730415.jpg,Musti
/mnt/data/mudra_work/Bharatanatyam_Mudras/Trisula/Image_1754981706.2169914.jpg,Trisula
/mnt/data/mudra_work/Bharatanatyam_Mudras/Pataka/Image_1754981129.0027263.jpg,Pataka
/mnt/data/mudra_work/Bharatanatyam_Mudras/Sikhara/Image_1754983196.2310934.jpg,Sikhara
/mnt/data/mudra_work/Bharatanatyam_Mudras/Sikhara/Image_1754982855.2255604.jpg,Sikhara
/mnt/data/mudra_work/Bharatanatyam_Mudras/Trisula/Image_1754981512.7464027.jpg,Trisula
/mnt/data/mudra_work/Bharatanatyam_Mudras/Trisula/Image_1754981620.2163172.jpg,Trisula
/mnt/data/mudra_work/Bharatanatyam_Mudras/Sikhara/Image_1754983075.049963.jpg,Sikhara
/mnt/data/mudra_work/Bharatanatyam_Mudras/Simhamukha/Image_1754982209.0139616.jpg,Simhamukha
/mnt/data/mudra_work/Bharatanatyam_Mudras/Simhamukha/Image_1754982461.7906117.jpg,Simhamukha
/mnt/data/mudra_work/Bharatanatyam_Mudras/Simhamukha/Image_1754982448.3389654.jpg,Simhamukha
/mnt/data/mudra_work/Bharatanatyam_Mudras/Sikhara/Image_1754983148.514031.jpg,Sikhara
/mnt/data/mudra_work/Bharatanatyam_Mudras/Pataka/Image_1754981138.0034869.jpg,Pataka
/mnt/data/mudra_work/Bharatanatyam_Mudras/Sikhara/Image_1754983068.3974297.jpg,Sikhara
/mnt/data/mudra_work/Bharatanatyam_Mudras/Trisula/Image_1754981839.600934.jpg,Trisula
/mnt/data/mudra_work/Bharatanatyam_Mudras/Musti/Image_1754983383.0035875.jpg,Musti
/mnt/data/mudra_work/Bharatanatyam_Mudras/Sikhara/Image_1754982774.5303512.jpg,Sikhara
/mnt/data/mudra_work/Bharatanatyam_Mudras/Pataka/Image_1754981143.506947.jpg,Pataka
/mnt/data/mudra_work/Bharatanatyam_Mudras/Musti/Image_1754983539.5058327.jpg,Musti
/mnt/data/mudra_work/Bharatanatyam_Mudras/Musti/Image_1754983602.4526405.jpg,Musti
/mnt/data/mudra_work/Bharatanatyam_Mudras/Trisula/Image_1754981597.1877952.jpg,Trisula
/mnt/data/mudra_work/Bharatanatyam_Mudras/Trisula/Image_1754981839.635537.jpg,Trisula
/mnt/data/mudra_work/Bharatanatyam_Mudras/Sikhara/Image_1754983063.3174715.jpg,Sikhara
/mnt/data/mudra_work/Bharatanatyam_Mudras/Pataka/Image_1754981056.9041252.jpg,Pataka
/mnt/data/mudra_work/Bharatanatyam_Mudras/Musti/Image_1754983458.5181346.jpg,Musti
/mnt/data/mudra_work/Bharatanatyam_Mudras/Sikhara/Image_1754982855.1991024.jpg,Sikhara
/mnt/data/mudra_work/Bharatanatyam_Mudras/Trisula/Image_1754981514.7784185.jpg,Trisula
/mnt/data/mudra_work/Bharatanatyam_Mudras/Trisula/Image_1754981699.5899427.jpg,Trisula
/mnt/data/mudra_work/Bharatanatyam_Mudras/Trisula/Image_1754981620.3917897.jpg,Trisula
/mnt/data/mudra_work/Bharatanatyam_Mudras/Musti/Image_1754983479.8629122.jpg,Musti
/mnt/data/mudra_work/Bharatanatyam_Mudras/Sikhara/Image_1754983068.713333.jpg,Sikhara
/mnt/data/mudra_work/Bharatanatyam_Mudras/Simhamukha/Image_1754982284.7067826.jpg,Simhamukha
/mnt/data/mudra_work/Bharatanatyam_Mudras/Trisula/Image_1754981839.8908212.jpg,Trisula
/mnt/data/mudra_work/Bharatanatyam_Mudras/Sikhara/Image_1754982869.8840232.jpg,Sikhara
/mnt/data/mudra_work/Bharatanatyam_Mudras/Trisula/Image_1754981608.3417718.jpg,Trisula
/mnt/data/mudra_work/Bharatanatyam_Mudras/Sikhara/Image_1754983075.0807085.jpg,Sikhara
/mnt/data/mudra_work/Bharatanatyam_Mudras/Trisula/Image_1754981597.3143442.jpg,Trisula
/mnt/data/mudra_work/Bharatanatyam_Mudras/Pataka/Image_1754981039.5130432.jpg,Pataka
/mnt/data/mudra_work/Bharatanatyam_Mudras/Musti/Image_1754983604.886539.jpg,Musti
/mnt/data/mudra_work/Bharatanatyam_Mudras/Pataka/Image_1754981128.9289439.jpg,Pataka
/mnt/data/mudra_work/Bharatanatyam_Mudras/Sikhara/Image_1754982962.3825018.jpg,Sikhara
/mnt/data/mudra_work/Bharatanatyam_Mudras/Simhamukha/Image_1754982166.6137745.jpg,Simhamukha
/mnt/data/mudra_work/Bharatanatyam_Mudras/Simhamukha/Image_1754982229.2141654.jpg,Simhamukha
/mnt/data/mudra_work/Bharatanatyam_Mudras/Sikhara/Image_1754983055.7041812.jpg,Sikhara
/mnt/data/mudra_work/Bharatanatyam_Mudras/Musti/Image_1754983517.2058818.jpg,Musti
/mnt/data/mudra_work/Bharatanatyam_Mudras/Musti/Image_1754983517.0662992.jpg,Musti
/mnt/data/mudra_work/Bharatanatyam_Mudras/Musti/Image_1754983599.251296.jpg,Musti
/mnt/data/mudra_work/Bharatanatyam_Mudras/Musti/Image_1754983479.702557.jpg,Musti
/mnt/data/mudra_work/Bharatanatyam_Mudras/Sikhara/Image_1754982777.7715232.jpg,Sikhara
/mnt/data/mudra_work/Bharatanatyam_Mudras/Pataka/Image_1754981212.0921519.jpg,Pataka
/mnt/data/mudra_work/Bharatanatyam_Mudras/Simhamukha/Image_1754982449.2163827.jpg,Simhamukha
/mnt/data/mudra_work/Bharatanatyam_Mudras/Musti/Image_1754983454.744682.jpg,Musti
/mnt/data/mudra_work/Bharatanatyam_Mudras/Trisula/Image_1754981611.4174695.jpg,Trisula
/mnt/data/mudra_work/Bharatanatyam_Mudras/Pataka/Image_1754981212.1147256.jpg,Pataka
/mnt/data/mudra_work/Bharatanatyam_Mudras/Sikhara/Image_1754982780.7617397.jpg,Sikhara
/mnt/data/mudra_work/Bharatanatyam_Mudras/Sikhara/Image_1754983140.652638.jpg,Sikhara
/mnt/data/mudra_work/Bharatanatyam_Mudras/Simhamukha/Image_1754982304.9752364.jpg,Simhamukha
/mnt/data/mudra_work/Bharatanatyam_Mudras/Simhamukha/Image_1754982290.3542519.jpg,Simhamukha
/mnt/data/mudra_work/Bharatanatyam_Mudras/Musti/Image_1754983451.3004575.jpg,Musti
/mnt/data/mudra_work/Bharatanatyam_Mudras/Sikhara/Image_1754983212.2512453.jpg,Sikhara
/mnt/data/mudra_work/Bharatanatyam_Mudras/Simhamukha/Image_1754982312.9456437.jpg,Simhamukha
/mnt/data/mudra_work/Bharatanatyam_Mudras/Trisula/Image_1754981502.5594807.jpg,Trisula
/mnt/data/mudra_work/Bharatanatyam_Mudras/Musti/Image_1754983368.7472847.jpg,Musti
/mnt/data/mudra_work/Bharatanatyam_Mudras/Sikhara/Image_1754982950.1134737.jpg,Sikhara
/mnt/data/mudra_work/Bharatanatyam_Mudras/Sikhara/Image_1754983168.2479615.jpg,Sikhara
/mnt/data/mudra_work/Bharatanatyam_Mudras/Sikhara/Image_1754982886.5084848.jpg,Sikhara
/mnt/data/mudra_work/Bharatanatyam_Mudras/Musti/Image_1754983612.7927155.jpg,Musti
/mnt/data/mudra_work/Bharatanatyam_Mudras/Pataka/Image_1754981145.25397.jpg,Pataka
/mnt/data/mudra_work/Bharatanatyam_Mudras/Pataka/Image_1754981064.8553493.jpg,Pataka
/mnt/data/mudra_work/Bharatanatyam_Mudras/Pataka/Image_1754981199.9740906.jpg,Pataka
/mnt/data/mudra_work/Bharatanatyam_Mudras/Trisula/Image_1754981591.6961517.jpg,Trisula
/mnt/data/mudra_work/Bharatanatyam_Mudras/Musti/Image_1754983368.7217994.jpg,Musti
/mnt/data/mudra_work/Bharatanatyam_Mudras/Musti/Image_1754983595.678825.jpg,Musti
/mnt/data/mudra_work/Bharatanatyam_Mudras/Trisula/Image_1754981706.4993906.jpg,Trisula
/mnt/data/mudra_work/Bharatanatyam_Mudras/Sikhara/Image_1754982793.3228555.jpg,Sikhara
/mnt/data/mudra_work/Bharatanatyam_Mudras/Pataka/Image_1754981208.5132704.jpg,Pataka
/mnt/data/mudra_work/Bharatanatyam_Mudras/Sikhara/Image_1754982775.038257.jpg,Sikhara
/mnt/data/mudra_work/Bharatanatyam_Mudras/Musti/Image_1754983345.9555273.jpg,Musti
/mnt/data/mudra_work/Bharatanatyam_Mudras/Simhamukha/Image_1754982461.883906.jpg,Simhamukha
/mnt/data/mudra_work/Bharatanatyam_Mudras/Pataka/Image_1754981149.3429446.jpg,Pataka
/mnt/data/mudra_work/Bharatanatyam_Mudras/Simhamukha/Image_1754982127.0891304.jpg,Simhamukha
/mnt/data/mudra_work/Bharatanatyam_Mudras/Musti/Image_1754983360.1982002.jpg,Musti
/mnt/data/mudra_work/Bharatanatyam_Mudras/Musti/Image_1754983612.8354182.jpg,Musti
/mnt/data/mudra_work/Bharatanatyam_Mudras/Musti/Image_1754983353.530743.jpg,Musti
/mnt/data/mudra_work/Bharatanatyam_Mudras/Sikhara/Image_1754982870.0083447.jpg,Sikhara
/mnt/data/mudra_work/Bharatanatyam_Mudras/Musti/Image_1754983443.544881.jpg,Musti
/mnt/data/mudra_work/Bharatanatyam_Mudras/Simhamukha/Image_1754982215.5226798.jpg,Simhamukha
/mnt/data/mudra_work/Bharatanatyam_Mudras/Simhamukha/Image_1754982123.034097.jpg,Simhamukha
/mnt/data/mudra_work/Bharatanatyam_Mudras/Simhamukha/Image_1754982166.548394.jpg,Simhamukha
/mnt/data/mudra_work/Bharatanatyam_Mudras/Pataka/Image_1754981237.2882962.jpg,Pataka
/mnt/data/mudra_work/Bharatanatyam_Mudras/Simhamukha/Image_1754982129.545015.jpg,Simhamukha
/mnt/data/mudra_work/Bharatanatyam_Mudras/Musti/Image_1754983447.3630917.jpg,Musti
/mnt/data/mudra_work/Bharatanatyam_Mudras/Trisula/Image_1754981859.6574457.jpg,Trisula
/mnt/data/mudra_work/Bharatanatyam_Mudras/Musti/Image_1754983368.5372033.jpg,Musti
/mnt/data/mudra_work/Bharatanatyam_Mudras/Simhamukha/Image_1754982095.3633757.jpg,Simhamukha
/mnt/data/mudra_work/Bharatanatyam_Mudras/Sikhara/Image_1754983196.107167.jpg,Sikhara
/mnt/data/mudra_work/Bharatanatyam_Mudras/Simhamukha/Image_1754982284.7558863.jpg,Simhamukha
/mnt/data/mudra_work/Bharatanatyam_Mudras/Simhamukha/Image_1754982417.791025.jpg,Simhamukha
/mnt/data/mudra_work/Bharatanatyam_Mudras/Trisula/Image_1754981502.975644.jpg,Trisula
/mnt/data/mudra_work/Bharatanatyam_Mudras/Sikhara/Image_1754983075.2004132.jpg,Sikhara
/mnt/data/mudra_work/Bharatanatyam_Mudras/Musti/Image_1754983479.5288622.jpg,Musti
/mnt/data/mudra_work/Bharatanatyam_Mudras/Pataka/Image_1754980908.4815793.jpg,Pataka
/mnt/data/mudra_work/Bharatanatyam_Mudras/Musti/Image_1754983479.4047868.jpg,Musti
/mnt/data/mudra_work/Bharatanatyam_Mudras/Musti/Image_1754983447.207922.jpg,Musti
/mnt/data/mudra_work/Bharatanatyam_Mudras/Musti/Image_1754983334.1290898.jpg,Musti
/mnt/data/mudra_work/Bharatanatyam_Mudras/Simhamukha/Image_1754982189.7673953.jpg,Simhamukha
/mnt/data/mudra_work/Bharatanatyam_Mudras/Pataka/Image_1754981148.0156605.jpg,Pataka
/mnt/data/mudra_work/Bharatanatyam_Mudras/Pataka/Image_1754980931.9746263.jpg,Pataka
/mnt/data/mudra_work/Bharatanatyam_Mudras/Musti/Image_1754983447.3965588.jpg,Musti
/mnt/data/mudra_work/Bharatanatyam_Mudras/Musti/Image_1754983428.0610418.jpg,Musti
/mnt/data/mudra_work/Bharatanatyam_Mudras/Pataka/Image_1754981149.5020158.jpg,Pataka
/mnt/data/mudra_work/Bharatanatyam_Mudras/Musti/Image_1754983618.340998.jpg,Musti
/mnt/data/mudra_work/Bharatanatyam_Mudras/Trisula/Image_1754981864.2197511.jpg,Trisula
/mnt/data/mudra_work/Bharatanatyam_Mudras/Trisula/Image_1754981845.2477229.jpg,Trisula
/mnt/data/mudra_work/Bharatanatyam_Mudras/Simhamukha/Image_1754982444.25853.jpg,Simhamukha
/mnt/data/mudra_work/Bharatanatyam_Mudras/Trisula/Image_1754981852.3791618.jpg,Trisula
/mnt/data/mudra_work/Bharatanatyam_Mudras/Sikhara/Image_1754983140.5513668.jpg,Sikhara
/mnt/data/mudra_work/Bharatanatyam_Mudras/Trisula/Image_1754981515.210803.jpg,Trisula
/mnt/data/mudra_work/Bharatanatyam_Mudras/Sikhara/Image_1754983169.506294.jpg,Sikhara
/mnt/data/mudra_work/Bharatanatyam_Mudras/Pataka/Image_1754980891.2325022.jpg,Pataka
/mnt/data/mudra_work/Bharatanatyam_Mudras/Sikhara/Image_1754983085.2455337.jpg,Sikhara
/mnt/data/mudra_work/Bharatanatyam_Mudras/Musti/Image_1754983479.798987.jpg,Musti
/mnt/data/mudra_work/Bharatanatyam_Mudras/Pataka/Image_1754981205.6336215.jpg,Pataka
/mnt/data/mudra_work/Bharatanatyam_Mudras/Musti/Image_1754983345.9200666.jpg,Musti
/mnt/data/mudra_work/Bharatanatyam_Mudras/Musti/Image_1754983590.3867683.jpg,Musti
/mnt/data/mudra_work/Bharatanatyam_Mudras/Trisula/Image_1754981706.4103956.jpg,Trisula
/mnt/data/mudra_work/Bharatanatyam_Mudras/Sikhara/Image_1754983084.5672297.jpg,Sikhara
/mnt/data/mudra_work/Bharatanatyam_Mudras/Sikhara/Image_1754983170.6131666.jpg,Sikhara
/mnt/data/mudra_work/Bharatanatyam_Mudras/Sikhara/Image_1754983061.8457334.jpg,Sikhara
/mnt/data/mudra_work/Bharatanatyam_Mudras/Pataka/Image_1754981124.225662.jpg,Pataka
/mnt/data/mudra_work/Bharatanatyam_Mudras/Simhamukha/Image_1754982425.140991.jpg,Simhamukha
/mnt/data/mudra_work/Bharatanatyam_Mudras/Simhamukha/Image_1754982438.2921567.jpg,Simhamukha
/mnt/data/mudra_work/Bharatanatyam_Mudras/Simhamukha/Image_1754982284.6277075.jpg,Simhamukha
/mnt/data/mudra_work/Bharatanatyam_Mudras/Pataka/Image_1754981083.6879191.jpg,Pataka
/mnt/data/mudra_work/Bharatanatyam_Mudras/Trisula/Image_1754981720.3075151.jpg,Trisula
/mnt/data/mudra_work/Bharatanatyam_Mudras/Pataka/Image_1754981138.128936.jpg,Pataka
/mnt/data/mudra_work/Bharatanatyam_Mudras/Simhamukha/Image_1754982286.926594.jpg,Simhamukha
/mnt/data/mudra_work/Bharatanatyam_Mudras/Sikhara/Image_1754983196.1347737.jpg,Sikhara
/mnt/data/mudra_work/Bharatanatyam_Mudras/Pataka/Image_1754980891.4399157.jpg,Pataka
/mnt/data/mudra_work/Bharatanatyam_Mudras/Simhamukha/Image_1754982313.477407.jpg,Simhamukha
/mnt/data/mudra_work/Bharatanatyam_Mudras/Musti/Image_1754983443.7387924.jpg,Musti
/mnt/data/mudra_work/Bharatanatyam_Mudras/Trisula/Image_1754981846.2966938.jpg,Trisula
/mnt/data/mudra_work/Bharatanatyam_Mudras/Simhamukha/Image_1754982423.862105.jpg,Simhamukha
/mnt/data/mudra_work/Bharatanatyam_Mudras/Musti/Image_1754983607.328566.jpg,Musti
/mnt/data/mudra_work/Bharatanatyam_Mudras/Musti/Image_1754983564.6695027.jpg,Musti
/mnt/data/mudra_work/Bharatanatyam_Mudras/Trisula/Image_1754981864.1736426.jpg,Trisula
/mnt/data/mudra_work/Bharatanatyam_Mudras/Musti/Image_1754983602.5153182.jpg,Musti
/mnt/data/mudra_work/Bharatanatyam_Mudras/Simhamukha/Image_1754982328.9037325.jpg,Simhamukha
/mnt/data/mudra_work/Bharatanatyam_Mudras/Sikhara/Image_1754982787.9640348.jpg,Sikhara
/mnt/data/mudra_work/Bharatanatyam_Mudras/Simhamukha/Image_1754982286.9854643.jpg,Simhamukha
/mnt/data/mudra_work/Bharatanatyam_Mudras/Trisula/Image_1754981735.0735373.jpg,Trisula
/mnt/data/mudra_work/Bharatanatyam_Mudras/Trisula/Image_1754981521.0248404.jpg,Trisula
/mnt/data/mudra_work/Bharatanatyam_Mudras/Sikhara/Image_1754983027.0696292.jpg,Sikhara
/mnt/data/mudra_work/Bharatanatyam_Mudras/Simhamukha/Image_1754982290.0678523.jpg,Simhamukha
/mnt/data/mudra_work/Bharatanatyam_Mudras/Simhamukha/Image_1754982092.0055692.jpg,Simhamukha
/mnt/data/mudra_work/Bharatanatyam_Mudras/Simhamukha/Image_1754982091.7064068.jpg,Simhamukha
/mnt/data/mudra_work/Bharatanatyam_Mudras/Pataka/Image_1754981203.920599.jpg,Pataka
/mnt/data/mudra_work/Bharatanatyam_Mudras/Musti/Image_1754983532.4523697.jpg,Musti
/mnt/data/mudra_work/Bharatanatyam_Mudras/Sikhara/Image_1754982876.092171.jpg,Sikhara
/mnt/data/mudra_work/Bharatanatyam_Mudras/Simhamukha/Image_1754982091.229381.jpg,Simhamukha
/mnt/data/mudra_work/Bharatanatyam_Mudras/Musti/Image_1754983458.7036395.jpg,Musti
/mnt/data/mudra_work/Bharatanatyam_Mudras/Trisula/Image_1754981826.84589.jpg,Trisula
/mnt/data/mudra_work/Bharatanatyam_Mudras/Musti/Image_1754983465.556796.jpg,Musti
/mnt/data/mudra_work/Bharatanatyam_Mudras/Pataka/Image_1754980914.1966138.jpg,Pataka
/mnt/data/mudra_work/Bharatanatyam_Mudras/Musti/Image_1754983428.2718332.jpg,Musti
/mnt/data/mudra_work/Bharatanatyam_Mudras/Musti/Image_1754983590.0793464.jpg,Musti
/mnt/data/mudra_work/Bharatanatyam_Mudras/Sikhara/Image_1754983070.3135257.jpg,Sikhara
/mnt/data/mudra_work/Bharatanatyam_Mudras/Simhamukha/Image_1754982290.124295.jpg,Simhamukha
/mnt/data/mudra_work/Bharatanatyam_Mudras/Simhamukha/Image_1754982449.0936456.jpg,Simhamukha
/mnt/data/mudra_work/Bharatanatyam_Mudras/Musti/Image_1754983368.6340623.jpg,Musti
/mnt/data/mudra_work/Bharatanatyam_Mudras/Trisula/Image_1754981603.84152.jpg,Trisula
/mnt/data/mudra_work/Bharatanatyam_Mudras/Pataka/Image_1754981205.7451134.jpg,Pataka
/mnt/data/mudra_work/Bharatanatyam_Mudras/Sikhara/Image_1754982885.822519.jpg,Sikhara
/mnt/data/mudra_work/Bharatanatyam_Mudras/Sikhara/Image_1754982781.033796.jpg,Sikhara
/mnt/data/mudra_work/Bharatanatyam_Mudras/Simhamukha/Image_1754982092.247236.jpg,Simhamukha
/mnt/data/mudra_work/Bharatanatyam_Mudras/Simhamukha/Image_1754982330.2156448.jpg,Simhamukha
/mnt/data/mudra_work/Bharatanatyam_Mudras/Sikhara/Image_1754982778.4091153.jpg,Sikhara
/mnt/data/mudra_work/Bharatanatyam_Mudras/Simhamukha/Image_1754982220.1950364.jpg,Simhamukha
/mnt/data/mudra_work/Bharatanatyam_Mudras/Trisula/Image_1754981591.5011737.jpg,Trisula
/mnt/data/mudra_work/Bharatanatyam_Mudras/Trisula/Image_1754981600.3627355.jpg,Trisula
/mnt/data/mudra_work/Bharatanatyam_Mudras/Pataka/Image_1754980897.2284853.jpg,Pataka
/mnt/data/mudra_work/Bharatanatyam_Mudras/Musti/Image_1754983590.2628717.jpg,Musti
/mnt/data/mudra_work/Bharatanatyam_Mudras/Trisula/Image_1754981720.2802362.jpg,Trisula
/mnt/data/mudra_work/Bharatanatyam_Mudras/Pataka/Image_1754981145.329039.jpg,Pataka
/mnt/data/mudra_work/Bharatanatyam_Mudras/Pataka/Image_1754981205.8764567.jpg,Pataka
/mnt/data/mudra_work/Bharatanatyam_Mudras/Musti/Image_1754983479.5547786.jpg,Musti
/mnt/data/mudra_work/Bharatanatyam_Mudras/Simhamukha/Image_1754982225.2597187.jpg,Simhamukha
/mnt/data/mudra_work/Bharatanatyam_Mudras/Trisula/Image_1754981519.5448952.jpg,Trisula
/mnt/data/mudra_work/Bharatanatyam_Mudras/Pataka/Image_1754980908.2863512.jpg,Pataka
/mnt/data/mudra_work/Bharatanatyam_Mudras/Trisula/Image_1754981523.1004293.jpg,Trisula
/mnt/data/mudra_work/Bharatanatyam_Mudras/Sikhara/Image_1754983061.873789.jpg,Sikhara
/mnt/data/mudra_work/Bharatanatyam_Mudras/Trisula/Image_1754981719.8547792.jpg,Trisula
/mnt/data/mudra_work/Bharatanatyam_Mudras/Pataka/Image_1754980927.4520514.jpg,Pataka
/mnt/data/mudra_work/Bharatanatyam_Mudras/Trisula/Image_1754981706.32227.jpg,Trisula
/mnt/data/mudra_work/Bharatanatyam_Mudras/Pataka/Image_1754981064.779047.jpg,Pataka
/mnt/data/mudra_work/Bharatanatyam_Mudras/Simhamukha/Image_1754982092.316922.jpg,Simhamukha
/mnt/data/mudra_work/Bharatanatyam_Mudras/Sikhara/Image_1754983194.807928.jpg,Sikhara
/mnt/data/mudra_work/Bharatanatyam_Mudras/Sikhara/Image_1754983179.2744107.jpg,Sikhara
/mnt/data/mudra_work/Bharatanatyam_Mudras/Simhamukha/Image_1754982091.4978325.jpg,Simhamukha
/mnt/data/mudra_work/Bharatanatyam_Mudras/Simhamukha/Image_1754982416.3948078.jpg,Simhamukha
/mnt/data/mudra_work/Bharatanatyam_Mudras/Pataka/Image_1754981123.9069471.jpg,Pataka
/mnt/data/mudra_work/Bharatanatyam_Mudras/Sikhara/Image_1754983063.2269485.jpg,Sikhara
/mnt/data/mudra_work/Bharatanatyam_Mudras/Trisula/Image_1754981514.8438797.jpg,Trisula
/mnt/data/mudra_work/Bharatanatyam_Mudras/Musti/Image_1754983592.5552208.jpg,Musti
/mnt/data/mudra_work/Bharatanatyam_Mudras/Trisula/Image_1754981591.646827.jpg,Trisula
/mnt/data/mudra_work/Bharatanatyam_Mudras/Musti/Image_1754983607.3528636.jpg,Musti
/mnt/data/mudra_work/Bharatanatyam_Mudras/Musti/Image_1754983454.6576118.jpg,Musti
/mnt/data/mudra_work/Bharatanatyam_Mudras/Sikhara/Image_1754983141.238355.jpg,Sikhara
/mnt/data/mudra_work/Bharatanatyam_Mudras/Trisula/Image_1754981845.5136182.jpg,Trisula
/mnt/data/mudra_work/Bharatanatyam_Mudras/Sikhara/Image_1754982772.7203164.jpg,Sikhara
/mnt/data/mudra_work/Bharatanatyam_Mudras/Simhamukha/Image_1754982285.8968918.jpg,Simhamukha
/mnt/data/mudra_work/Bharatanatyam_Mudras/Sikhara/Image_1754982775.050575.jpg,Sikhara
/mnt/data/mudra_work/Bharatanatyam_Mudras/Trisula/Image_1754981627.743233.jpg,Trisula
/mnt/data/mudra_work/Bharatanatyam_Mudras/Pataka/Image_1754981124.8892486.jpg,Pataka
/mnt/data/mudra_work/Bharatanatyam_Mudras/Pataka/Image_1754981124.0739553.jpg,Pataka
/mnt/data/mudra_work/Bharatanatyam_Mudras/Pataka/Image_1754981205.9943755.jpg,Pataka
/mnt/data/mudra_work/Bharatanatyam_Mudras/Simhamukha/Image_1754982416.4416525.jpg,Simhamukha
/mnt/data/mudra_work/Bharatanatyam_Mudras/Trisula/Image_1754981867.9836078.jpg,Trisula
/mnt/data/mudra_work/Bharatanatyam_Mudras/Musti/Image_1754983539.7175128.jpg,Musti
/mnt/data/mudra_work/Bharatanatyam_Mudras/Pataka/Image_1754981056.6216056.jpg,Pataka
/mnt/data/mudra_work/Bharatanatyam_Mudras/Musti/Image_1754983565.072369.jpg,Musti
/mnt/data/mudra_work/Bharatanatyam_Mudras/Pataka/Image_1754981048.748027.jpg,Pataka
/mnt/data/mudra_work/Bharatanatyam_Mudras/Sikhara/Image_1754983028.1727812.jpg,Sikhara
/mnt/data/mudra_work/Bharatanatyam_Mudras/Pataka/Image_1754981124.62777.jpg,Pataka
/mnt/data/mudra_work/Bharatanatyam_Mudras/Musti/Image_1754983552.6349006.jpg,Musti
/mnt/data/mudra_work/Bharatanatyam_Mudras/Pataka/Image_1754981149.5317366.jpg,Pataka
/mnt/data/mudra_work/Bharatanatyam_Mudras/Pataka/Image_1754980897.532423.jpg,Pataka
/mnt/data/mudra_work/Bharatanatyam_Mudras/Pataka/Image_1754981233.606952.jpg,Pataka
/mnt/data/mudra_work/Bharatanatyam_Mudras/Trisula/Image_1754981864.5456686.jpg,Trisula
/mnt/data/mudra_work/Bharatanatyam_Mudras/Sikhara/Image_1754982785.5152504.jpg,Sikhara
/mnt/data/mudra_work/Bharatanatyam_Mudras/Musti/Image_1754983458.7317023.jpg,Musti
/mnt/data/mudra_work/Bharatanatyam_Mudras/Pataka/Image_1754981057.013997.jpg,Pataka
/mnt/data/mudra_work/Bharatanatyam_Mudras/Pataka/Image_1754981064.9155748.jpg,Pataka
/mnt/data/mudra_work/Bharatanatyam_Mudras/Sikhara/Image_1754983068.50777.jpg,Sikhara
/mnt/data/mudra_work/Bharatanatyam_Mudras/Pataka/Image_1754980897.2787018.jpg,Pataka
/mnt/data/mudra_work/Bharatanatyam_Mudras/Pataka/Image_1754981147.9471889.jpg,Pataka
/mnt/data/mudra_work/Bharatanatyam_Mudras/Pataka/Image_1754981149.3716202.jpg,Pataka
/mnt/data/mudra_work/Bharatanatyam_Mudras/Musti/Image_1754983517.1562753.jpg,Musti
/mnt/data/mudra_work/Bharatanatyam_Mudras/Simhamukha/Image_1754982222.1892242.jpg,Simhamukha
/mnt/data/mudra_work/Bharatanatyam_Mudras/Simhamukha/Image_1754982204.3366377.jpg,Simhamukha
/mnt/data/mudra_work/Bharatanatyam_Mudras/Sikhara/Image_1754983196.0431843.jpg,Sikhara
/mnt/data/mudra_work/Bharatanatyam_Mudras/Musti/Image_1754983618.8274004.jpg,Musti
/mnt/data/mudra_work/Bharatanatyam_Mudras/Pataka/Image_1754981048.5729046.jpg,Pataka
/mnt/data/mudra_work/Bharatanatyam_Mudras/Simhamukha/Image_1754982424.7485101.jpg,Simhamukha
/mnt/data/mudra_work/Bharatanatyam_Mudras/Simhamukha/Image_1754982449.16395.jpg,Simhamukha
/mnt/data/mudra_work/Bharatanatyam_Mudras/Simhamukha/Image_1754982194.6604617.jpg,Simhamukha
/mnt/data/mudra_work/Bharatanatyam_Mudras/Musti/Image_1754983592.750994.jpg,Musti
/mnt/data/mudra_work/Bharatanatyam_Mudras/Musti/Image_1754983428.328685.jpg,Musti
/mnt/data/mudra_work/Bharatanatyam_Mudras/Sikhara/Image_1754982888.713165.jpg,Sikhara
/mnt/data/mudra_work/Bharatanatyam_Mudras/Trisula/Image_1754981603.7448018.jpg,Trisula
/mnt/data/mudra_work/Bharatanatyam_Mudras/Trisula/Image_1754981515.2462592.jpg,Trisula
/mnt/data/mudra_work/Bharatanatyam_Mudras/Trisula/Image_1754981507.0934863.jpg,Trisula
/mnt/data/mudra_work/Bharatanatyam_Mudras/Pataka/Image_1754980904.9750924.jpg,Pataka
/mnt/data/mudra_work/Bharatanatyam_Mudras/Pataka/Image_1754981052.8063414.jpg,Pataka
/mnt/data/mudra_work/Bharatanatyam_Mudras/Trisula/Image_1754981506.982667.jpg,Trisula
/mnt/data/mudra_work/Bharatanatyam_Mudras/Pataka/Image_1754980914.3451457.jpg,Pataka
/mnt/data/mudra_work/Bharatanatyam_Mudras/Simhamukha/Image_1754982462.2385128.jpg,Simhamukha
/mnt/data/mudra_work/Bharatanatyam_Mudras/Simhamukha/Image_1754982304.7623096.jpg,Simhamukha
/mnt/data/mudra_work/Bharatanatyam_Mudras/Pataka/Image_1754981052.5691402.jpg,Pataka
/mnt/data/mudra_work/Bharatanatyam_Mudras/Simhamukha/Image_1754982111.6858268.jpg,Simhamukha
/mnt/data/mudra_work/Bharatanatyam_Mudras/Simhamukha/Image_1754982284.923311.jpg,Simhamukha
/mnt/data/mudra_work/Bharatanatyam_Mudras/Musti/Image_1754983388.4463844.jpg,Musti
/mnt/data/mudra_work/Bharatanatyam_Mudras/Simhamukha/Image_1754982462.3009198.jpg,Simhamukha
/mnt/data/mudra_work/Bharatanatyam_Mudras/Musti/Image_1754983539.5659163.jpg,Musti
/mnt/data/mudra_work/Bharatanatyam_Mudras/Trisula/Image_1754981502.4744935.jpg,Trisula
/mnt/data/mudra_work/Bharatanatyam_Mudras/Simhamukha/Image_1754982290.991417.jpg,Simhamukha
/mnt/data/mudra_work/Bharatanatyam_Mudras/Pataka/Image_1754981200.029205.jpg,Pataka
/mnt/data/mudra_work/Bharatanatyam_Mudras/Trisula/Image_1754981706.293076.jpg,Trisula
/mnt/data/mudra_work/Bharatanatyam_Mudras/Simhamukha/Image_1754982462.1723857.jpg,Simhamukha
/mnt/data/mudra_work/Bharatanatyam_Mudras/Simhamukha/Image_1754982290.0007844.jpg,Simhamukha
/mnt/data/mudra_work/Bharatanatyam_Mudras/Simhamukha/Image_1754982091.4278762.jpg,Simhamukha
/mnt/data/mudra_work/Bharatanatyam_Mudras/Simhamukha/Image_1754982289.9412382.jpg,Simhamukha
/mnt/data/mudra_work/Bharatanatyam_Mudras/Trisula/Image_1754981711.2451339.jpg,Trisula
/mnt/data/mudra_work/Bharatanatyam_Mudras/Simhamukha/Image_1754982306.553481.jpg,Simhamukha
/mnt/data/mudra_work/Bharatanatyam_Mudras/Musti/Image_1754983478.8034441.jpg,Musti
/mnt/data/mudra_work/Bharatanatyam_Mudras/Simhamukha/Image_1754982287.0128047.jpg,Simhamukha
/mnt/data/mudra_work/Bharatanatyam_Mudras/Musti/Image_1754983590.4181962.jpg,Musti
/mnt/data/mudra_work/Bharatanatyam_Mudras/Trisula/Image_1754981852.3237035.jpg,Trisula
/mnt/data/mudra_work/Bharatanatyam_Mudras/Simhamukha/Image_1754982167.155507.jpg,Simhamukha
/mnt/data/mudra_work/Bharatanatyam_Mudras/Trisula/Image_1754981496.4770348.jpg,Trisula
/mnt/data/mudra_work/Bharatanatyam_Mudras/Sikhara/Image_1754983047.048259.jpg,Sikhara
/mnt/data/mudra_work/Bharatanatyam_Mudras/Sikhara/Image_1754982785.6987808.jpg,Sikhara
/mnt/data/mudra_work/Bharatanatyam_Mudras/Trisula/Image_1754981597.459468.jpg,Trisula
/mnt/data/mudra_work/Bharatanatyam_Mudras/Pataka/Image_1754981088.3594422.jpg,Pataka
/mnt/data/mudra_work/Bharatanatyam_Mudras/Trisula/Image_1754981827.0182848.jpg,Trisula
/mnt/data/mudra_work/Bharatanatyam_Mudras/Musti/Image_1754983529.2543457.jpg,Musti
/mnt/data/mudra_work/Bharatanatyam_Mudras/Trisula/Image_1754981711.453228.jpg,Trisula
/mnt/data/mudra_work/Bharatanatyam_Mudras/Sikhara/Image_1754983028.5286844.jpg,Sikhara
/mnt/data/mudra_work/Bharatanatyam_Mudras/Simhamukha/Image_1754982185.9443944.jpg,Simhamukha
/mnt/data/mudra_work/Bharatanatyam_Mudras/Trisula/Image_1754981600.6408143.jpg,Trisula
/mnt/data/mudra_work/Bharatanatyam_Mudras/Musti/Image_1754983609.0087543.jpg,Musti
/mnt/data/mudra_work/Bharatanatyam_Mudras/Musti/Image_1754983545.6390965.jpg,Musti
/mnt/data/mudra_work/Bharatanatyam_Mudras/Pataka/Image_1754981064.607377.jpg,Pataka
/mnt/data/mudra_work/Bharatanatyam_Mudras/Sikhara/Image_1754983145.5391004.jpg,Sikhara
/mnt/data/mudra_work/Bharatanatyam_Mudras/Simhamukha/Image_1754982111.6539288.jpg,Simhamukha
/mnt/data/mudra_work/Bharatanatyam_Mudras/Musti/Image_1754983465.6481633.jpg,Musti
/mnt/data/mudra_work/Bharatanatyam_Mudras/Trisula/Image_1754981698.1705303.jpg,Trisula
/mnt/data/mudra_work/Bharatanatyam_Mudras/Pataka/Image_1754981144.0156522.jpg,Pataka
/mnt/data/mudra_work/Bharatanatyam_Mudras/Musti/Image_1754983564.6125114.jpg,Musti
/mnt/data/mudra_work/Bharatanatyam_Mudras/Musti/Image_1754983557.267214.jpg,Musti
/mnt/data/mudra_work/Bharatanatyam_Mudras/Musti/Image_1754983451.3353388.jpg,Musti
/mnt/data/mudra_work/Bharatanatyam_Mudras/Musti/Image_1754983458.5480611.jpg,Musti
/mnt/data/mudra_work/Bharatanatyam_Mudras/Sikhara/Image_1754982785.7607703.jpg,Sikhara
/mnt/data/mudra_work/Bharatanatyam_Mudras/Trisula/Image_1754981698.4384604.jpg,Trisula
/mnt/data/mudra_work/Bharatanatyam_Mudras/Simhamukha/Image_1754982092.2820768.jpg,Simhamukha
/mnt/data/mudra_work/Bharatanatyam_Mudras/Trisula/Image_1754981610.774231.jpg,Trisula
/mnt/data/mudra_work/Bharatanatyam_Mudras/Trisula/Image_1754981597.3346915.jpg,Trisula
/mnt/data/mudra_work/Bharatanatyam_Mudras/Simhamukha/Image_1754982296.1082606.jpg,Simhamukha
/mnt/data/mudra_work/Bharatanatyam_Mudras/Simhamukha/Image_1754982451.9555826.jpg,Simhamukha
/mnt/data/mudra_work/Bharatanatyam_Mudras/Pataka/Image_1754981205.8422623.jpg,Pataka
/mnt/data/mudra_work/Bharatanatyam_Mudras/Sikhara/Image_1754983028.211267.jpg,Sikhara
/mnt/data/mudra_work/Bharatanatyam_Mudras/Sikhara/Image_1754983215.6680944.jpg,Sikhara
/mnt/data/mudra_work/Bharatanatyam_Mudras/Musti/Image_1754983479.4999583.jpg,Musti
/mnt/data/mudra_work/Bharatanatyam_Mudras/Trisula/Image_1754981497.0685987.jpg,Trisula
/mnt/data/mudra_work/Bharatanatyam_Mudras/Simhamukha/Image_1754982285.956565.jpg,Simhamukha
/mnt/data/mudra_work/Bharatanatyam_Mudras/Simhamukha/Image_1754982211.835899.jpg,Simhamukha
/mnt/data/mudra_work/Bharatanatyam_Mudras/Sikhara/Image_1754982917.8640954.jpg,Sikhara
/mnt/data/mudra_work/Bharatanatyam_Mudras/Sikhara/Image_1754982918.4797897.jpg,Sikhara
/mnt/data/mudra_work/Bharatanatyam_Mudras/Pataka/Image_1754980891.5694723.jpg,Pataka
/mnt/data/mudra_work/Bharatanatyam_Mudras/Trisula/Image_1754981864.2461956.jpg,Trisula
/mnt/data/mudra_work/Bharatanatyam_Mudras/Simhamukha/Image_1754982111.5799012.jpg,Simhamukha
/mnt/data/mudra_work/Bharatanatyam_Mudras/Sikhara/Image_1754982785.4671886.jpg,Sikhara
/mnt/data/mudra_work/Bharatanatyam_Mudras/Trisula/Image_1754981720.2596781.jpg,Trisula
/mnt/data/mudra_work/Bharatanatyam_Mudras/Musti/Image_1754983443.793763.jpg,Musti
/mnt/data/mudra_work/Bharatanatyam_Mudras/Trisula/Image_1754981523.189247.jpg,Trisula
/mnt/data/mudra_work/Bharatanatyam_Mudras/Pataka/Image_1754981216.1122286.jpg,Pataka
/mnt/data/mudra_work/Bharatanatyam_Mudras/Simhamukha/Image_1754982328.1611362.jpg,Simhamukha
/mnt/data/mudra_work/Bharatanatyam_Mudras/Sikhara/Image_1754982933.4609957.jpg,Sikhara
/mnt/data/mudra_work/Bharatanatyam_Mudras/Pataka/Image_1754981040.0052114.jpg,Pataka
/mnt/data/mudra_work/Bharatanatyam_Mudras/Trisula/Image_1754981827.115919.jpg,Trisula
/mnt/data/mudra_work/Bharatanatyam_Mudras/Pataka/Image_1754981137.9814746.jpg,Pataka
/mnt/data/mudra_work/Bharatanatyam_Mudras/Simhamukha/Image_1754982448.0936737.jpg,Simhamukha
/mnt/data/mudra_work/Bharatanatyam_Mudras/Pataka/Image_1754981238.0648198.jpg,Pataka
/mnt/data/mudra_work/Bharatanatyam_Mudras/Simhamukha/Image_1754982448.0229208.jpg,Simhamukha
/mnt/data/mudra_work/Bharatanatyam_Mudras/Simhamukha/Image_1754982290.0898972.jpg,Simhamukha
/mnt/data/mudra_work/Bharatanatyam_Mudras/Musti/Image_1754983443.8214154.jpg,Musti
/mnt/data/mudra_work/Bharatanatyam_Mudras/Pataka/Image_1754980914.3781796.jpg,Pataka
/mnt/data/mudra_work/Bharatanatyam_Mudras/Pataka/Image_1754981215.5336456.jpg,Pataka
/mnt/data/mudra_work/Bharatanatyam_Mudras/Trisula/Image_1754981711.285086.jpg,Trisula
/mnt/data/mudra_work/Bharatanatyam_Mudras/Musti/Image_1754983478.9062479.jpg,Musti
/mnt/data/mudra_work/Bharatanatyam_Mudras/Musti/Image_1754983427.9548802.jpg,Musti
/mnt/data/mudra_work/Bharatanatyam_Mudras/Simhamukha/Image_1754982448.1295474.jpg,Simhamukha
/mnt/data/mudra_work/Bharatanatyam_Mudras/Trisula/Image_1754981600.2035973.jpg,Trisula
/mnt/data/mudra_work/Bharatanatyam_Mudras/Trisula/Image_1754981731.7580647.jpg,Trisula
/mnt/data/mudra_work/Bharatanatyam_Mudras/Sikhara/Image_1754983212.2176664.jpg,Sikhara
/mnt/data/mudra_work/Bharatanatyam_Mudras/Musti/Image_1754983383.148558.jpg,Musti
/mnt/data/mudra_work/Bharatanatyam_Mudras/Pataka/Image_1754981124.017052.jpg,Pataka
/mnt/data/mudra_work/Bharatanatyam_Mudras/Pataka/Image_1754981129.3036993.jpg,Pataka
/mnt/data/mudra_work/Bharatanatyam_Mudras/Pataka/Image_1754981038.382429.jpg,Pataka
/mnt/data/mudra_work/Bharatanatyam_Mudras/Sikhara/Image_1754983027.1041088.jpg,Sikhara
/mnt/data/mudra_work/Bharatanatyam_Mudras/Trisula/Image_1754981600.528935.jpg,Trisula
/mnt/data/mudra_work/Bharatanatyam_Mudras/Simhamukha/Image_1754982463.4383237.jpg,Simhamukha
/mnt/data/mudra_work/Bharatanatyam_Mudras/Simhamukha/Image_1754982284.8941603.jpg,Simhamukha
/mnt/data/mudra_work/Bharatanatyam_Mudras/Musti/Image_1754983334.3733857.jpg,Musti
/mnt/data/mudra_work/Bharatanatyam_Mudras/Pataka/Image_1754981203.9531045.jpg,Pataka
/mnt/data/mudra_work/Bharatanatyam_Mudras/Simhamukha/Image_1754982167.3515692.jpg,Simhamukha
/mnt/data/mudra_work/Bharatanatyam_Mudras/Sikhara/Image_1754982772.948953.jpg,Sikhara
/mnt/data/mudra_work/Bharatanatyam_Mudras/Pataka/Image_1754981199.9389117.jpg,Pataka
/mnt/data/mudra_work/Bharatanatyam_Mudras/Musti/Image_1754983600.9453285.jpg,Musti
/mnt/data/mudra_work/Bharatanatyam_Mudras/Pataka/Image_1754981149.5516396.jpg,Pataka
/mnt/data/mudra_work/Bharatanatyam_Mudras/Simhamukha/Image_1754982089.267832.jpg,Simhamukha
/mnt/data/mudra_work/Bharatanatyam_Mudras/Sikhara/Image_1754982869.8230207.jpg,Sikhara
/mnt/data/mudra_work/Bharatanatyam_Mudras/Musti/Image_1754983539.5369256.jpg,Musti
/mnt/data/mudra_work/Bharatanatyam_Mudras/Sikhara/Image_1754983068.4360294.jpg,Sikhara
/mnt/data/mudra_work/Bharatanatyam_Mudras/Sikhara/Image_1754982941.933875.jpg,Sikhara
/mnt/data/mudra_work/Bharatanatyam_Mudras/Sikhara/Image_1754983085.6777346.jpg,Sikhara
/mnt/data/mudra_work/Bharatanatyam_Mudras/Pataka/Image_1754981198.8004835.jpg,Pataka
/mnt/data/mudra_work/Bharatanatyam_Mudras/Trisula/Image_1754981519.47697.jpg,Trisula
/mnt/data/mudra_work/Bharatanatyam_Mudras/Simhamukha/Image_1754982445.586679.jpg,Simhamukha
/mnt/data/mudra_work/Bharatanatyam_Mudras/Musti/Image_1754983479.4374375.jpg,Musti
/mnt/data/mudra_work/Bharatanatyam_Mudras/Trisula/Image_1754981865.2618356.jpg,Trisula
/mnt/data/mudra_work/Bharatanatyam_Mudras/Musti/Image_1754983479.6744187.jpg,Musti
/mnt/data/mudra_work/Bharatanatyam_Mudras/Simhamukha/Image_1754982291.0849855.jpg,Simhamukha
/mnt/data/mudra_work/Bharatanatyam_Mudras/Pataka/Image_1754981064.8874757.jpg,Pataka
/mnt/data/mudra_work/Bharatanatyam_Mudras/Sikhara/Image_1754983084.6993954.jpg,Sikhara
/mnt/data/mudra_work/Bharatanatyam_Mudras/Pataka/Image_1754980904.5720856.jpg,Pataka
/mnt/data/mudra_work/Bharatanatyam_Mudras/Sikhara/Image_1754982869.772669.jpg,Sikhara
/mnt/data/mudra_work/Bharatanatyam_Mudras/Trisula/Image_1754981591.953091.jpg,Trisula
/mnt/data/mudra_work/Bharatanatyam_Mudras/Sikhara/Image_1754982870.8141232.jpg,Sikhara
/mnt/data/mudra_work/Bharatanatyam_Mudras/Simhamukha/Image_1754982222.7790284.jpg,Simhamukha
/mnt/data/mudra_work/Bharatanatyam_Mudras/Trisula/Image_1754981734.9835036.jpg,Trisula
/mnt/data/mudra_work/Bharatanatyam_Mudras/Pataka/Image_1754981056.9570968.jpg,Pataka
/mnt/data/mudra_work/Bharatanatyam_Mudras/Sikhara/Image_1754982929.3844275.jpg,Sikhara
/mnt/data/mudra_work/Bharatanatyam_Mudras/Musti/Image_1754983589.5613394.jpg,Musti
/mnt/data/mudra_work/Bharatanatyam_Mudras/Trisula/Image_1754981497.0989194.jpg,Trisula
/mnt/data/mudra_work/Bharatanatyam_Mudras/Sikhara/Image_1754982950.153721.jpg,Sikhara
/mnt/data/mudra_work/Bharatanatyam_Mudras/Pataka/Image_1754980891.3206189.jpg,Pataka
/mnt/data/mudra_work/Bharatanatyam_Mudras/Pataka/Image_1754981048.9314806.jpg,Pataka
/mnt/data/mudra_work/Bharatanatyam_Mudras/Simhamukha/Image_1754982221.9579272.jpg,Simhamukha
/mnt/data/mudra_work/Bharatanatyam_Mudras/Simhamukha/Image_1754982206.2214842.jpg,Simhamukha
/mnt/data/mudra_work/Bharatanatyam_Mudras/Pataka/Image_1754980927.4432163.jpg,Pataka
/mnt/data/mudra_work/Bharatanatyam_Mudras/Musti/Image_1754983596.0091083.jpg,Musti
/mnt/data/mudra_work/Bharatanatyam_Mudras/Musti/Image_1754983595.926495.jpg,Musti
/mnt/data/mudra_work/Bharatanatyam_Mudras/Trisula/Image_1754981597.370848.jpg,Trisula
/mnt/data/mudra_work/Bharatanatyam_Mudras/Pataka/Image_1754981129.0857372.jpg,Pataka
/mnt/data/mudra_work/Bharatanatyam_Mudras/Trisula/Image_1754981608.5902836.jpg,Trisula
/mnt/data/mudra_work/Bharatanatyam_Mudras/Simhamukha/Image_1754982089.683539.jpg,Simhamukha
/mnt/data/mudra_work/Bharatanatyam_Mudras/Trisula/Image_1754981496.990015.jpg,Trisula
/mnt/data/mudra_work/Bharatanatyam_Mudras/Pataka/Image_1754981238.0357983.jpg,Pataka
/mnt/data/mudra_work/Bharatanatyam_Mudras/Simhamukha/Image_1754982222.1517599.jpg,Simhamukha
/mnt/data/mudra_work/Bharatanatyam_Mudras/Simhamukha/Image_1754982306.76885.jpg,Simhamukha
/mnt/data/mudra_work/Bharatanatyam_Mudras/Trisula/Image_1754981591.6811225.jpg,Trisula
/mnt/data/mudra_work/Bharatanatyam_Mudras/Simhamukha/Image_1754982126.774651.jpg,Simhamukha
/mnt/data/mudra_work/Bharatanatyam_Mudras/Trisula/Image_1754981699.4732141.jpg,Trisula
/mnt/data/mudra_work/Bharatanatyam_Mudras/Musti/Image_1754983604.789493.jpg,Musti
/mnt/data/mudra_work/Bharatanatyam_Mudras/Simhamukha/Image_1754982192.5478568.jpg,Simhamukha
/mnt/data/mudra_work/Bharatanatyam_Mudras/Trisula/Image_1754981853.420337.jpg,Trisula
/mnt/data/mudra_work/Bharatanatyam_Mudras/Sikhara/Image_1754982875.7583475.jpg,Sikhara
/mnt/data/mudra_work/Bharatanatyam_Mudras/Musti/Image_1754983478.9321663.jpg,Musti
/mnt/data/mudra_work/Bharatanatyam_Mudras/Musti/Image_1754983478.530691.jpg,Musti
/mnt/data/mudra_work/Bharatanatyam_Mudras/Trisula/Image_1754981826.8635144.jpg,Trisula
/mnt/data/mudra_work/Bharatanatyam_Mudras/Musti/Image_1754983479.0928922.jpg,Musti
/mnt/data/mudra_work/Bharatanatyam_Mudras/Trisula/Image_1754981620.321564.jpg,Trisula
/mnt/data/mudra_work/Bharatanatyam_Mudras/Musti/Image_1754983451.218388.jpg,Musti
/mnt/data/mudra_work/Bharatanatyam_Mudras/Simhamukha/Image_1754982095.4842966.jpg,Simhamukha
/mnt/data/mudra_work/Bharatanatyam_Mudras/Musti/Image_1754983533.1693575.jpg,Musti
/mnt/data/mudra_work/Bharatanatyam_Mudras/Trisula/Image_1754981533.9044209.jpg,Trisula
/mnt/data/mudra_work/Bharatanatyam_Mudras/Sikhara/Image_1754983169.4828873.jpg,Sikhara
/mnt/data/mudra_work/Bharatanatyam_Mudras/Trisula/Image_1754981514.8645432.jpg,Trisula
/mnt/data/mudra_work/Bharatanatyam_Mudras/Trisula/Image_1754981591.778049.jpg,Trisula
/mnt/data/mudra_work/Bharatanatyam_Mudras/Simhamukha/Image_1754982296.3509874.jpg,Simhamukha
/mnt/data/mudra_work/Bharatanatyam_Mudras/Simhamukha/Image_1754982416.649796.jpg,Simhamukha
/mnt/data/mudra_work/Bharatanatyam_Mudras/Simhamukha/Image_1754982111.8309631.jpg,Simhamukha
/mnt/data/mudra_work/Bharatanatyam_Mudras/Musti/Image_1754983478.850122.jpg,Musti
/mnt/data/mudra_work/Bharatanatyam_Mudras/Sikhara/Image_1754983027.5217645.jpg,Sikhara
/mnt/data/mudra_work/Bharatanatyam_Mudras/Sikhara/Image_1754982777.4769146.jpg,Sikhara
/mnt/data/mudra_work/Bharatanatyam_Mudras/Musti/Image_1754983360.1701045.jpg,Musti
/mnt/data/mudra_work/Bharatanatyam_Mudras/Trisula/Image_1754981514.6441746.jpg,Trisula
/mnt/data/mudra_work/Bharatanatyam_Mudras/Trisula/Image_1754981698.2303658.jpg,Trisula
/mnt/data/mudra_work/Bharatanatyam_Mudras/Pataka/Image_1754981052.541868.jpg,Pataka
/mnt/data/mudra_work/Bharatanatyam_Mudras/Musti/Image_1754983595.5784802.jpg,Musti
/mnt/data/mudra_work/Bharatanatyam_Mudras/Trisula/Image_1754981827.2061005.jpg,Trisula
/mnt/data/mudra_work/Bharatanatyam_Mudras/Trisula/Image_1754981699.7172644.jpg,Trisula
/mnt/data/mudra_work/Bharatanatyam_Mudras/Trisula/Image_1754981519.7310398.jpg,Trisula
/mnt/data/mudra_work/Bharatanatyam_Mudras/Trisula/Image_1754981839.7255251.jpg,Trisula
/mnt/data/mudra_work/Bharatanatyam_Mudras/Musti/Image_1754983334.4281685.jpg,Musti
/mnt/data/mudra_work/Bharatanatyam_Mudras/Trisula/Image_1754981698.9050324.jpg,Trisula
/mnt/data/mudra_work/Bharatanatyam_Mudras/Sikhara/Image_1754983216.320558.jpg,Sikhara
/mnt/data/mudra_work/Bharatanatyam_Mudras/Pataka/Image_1754981144.0882256.jpg,Pataka
/mnt/data/mudra_work/Bharatanatyam_Mudras/Trisula/Image_1754981711.510467.jpg,Trisula
/mnt/data/mudra_work/Bharatanatyam_Mudras/Sikhara/Image_1754983074.01375.jpg,Sikhara
/mnt/data/mudra_work/Bharatanatyam_Mudras/Trisula/Image_1754981845.3656442.jpg,Trisula
/mnt/data/mudra_work/Bharatanatyam_Mudras/Pataka/Image_1754981198.7655878.jpg,Pataka
/mnt/data/mudra_work/Bharatanatyam_Mudras/Trisula/Image_1754981497.314906.jpg,Trisula
/mnt/data/mudra_work/Bharatanatyam_Mudras/Sikhara/Image_1754982778.3729956.jpg,Sikhara
/mnt/data/mudra_work/Bharatanatyam_Mudras/Trisula/Image_1754981859.8254948.jpg,Trisula
/mnt/data/mudra_work/Bharatanatyam_Mudras/Pataka/Image_1754980904.5191746.jpg,Pataka
/mnt/data/mudra_work/Bharatanatyam_Mudras/Trisula/Image_1754981608.4378486.jpg,Trisula
/mnt/data/mudra_work/Bharatanatyam_Mudras/Sikhara/Image_1754983168.1580355.jpg,Sikhara
/mnt/data/mudra_work/Bharatanatyam_Mudras/Pataka/Image_1754981124.2873077.jpg,Pataka
/mnt/data/mudra_work/Bharatanatyam_Mudras/Sikhara/Image_1754982946.2787223.jpg,Sikhara
/mnt/data/mudra_work/Bharatanatyam_Mudras/Simhamukha/Image_1754982416.5040433.jpg,Simhamukha
/mnt/data/mudra_work/Bharatanatyam_Mudras/Sikhara/Image_1754983169.4188282.jpg,Sikhara
/mnt/data/mudra_work/Bharatanatyam_Mudras/Pataka/Image_1754981124.1640434.jpg,Pataka
/mnt/data/mudra_work/Bharatanatyam_Mudras/Simhamukha/Image_1754982296.442653.jpg,Simhamukha
/mnt/data/mudra_work/Bharatanatyam_Mudras/Pataka/Image_1754980914.2530816.jpg,Pataka
/mnt/data/mudra_work/Bharatanatyam_Mudras/Trisula/Image_1754981591.5353355.jpg,Trisula
/mnt/data/mudra_work/Bharatanatyam_Mudras/Trisula/Image_1754981519.5794513.jpg,Trisula
/mnt/data/mudra_work/Bharatanatyam_Mudras/Pataka/Image_1754981124.372156.jpg,Pataka
/mnt/data/mudra_work/Bharatanatyam_Mudras/Pataka/Image_1754980890.7315204.jpg,Pataka
/mnt/data/mudra_work/Bharatanatyam_Mudras/Trisula/Image_1754981711.2208219.jpg,Trisula
/mnt/data/mudra_work/Bharatanatyam_Mudras/Sikhara/Image_1754983216.2869108.jpg,Sikhara
/mnt/data/mudra_work/Bharatanatyam_Mudras/Trisula/Image_1754981720.0645707.jpg,Trisula
/mnt/data/mudra_work/Bharatanatyam_Mudras/Sikhara/Image_1754982780.9452877.jpg,Sikhara
/mnt/data/mudra_work/Bharatanatyam_Mudras/Pataka/Image_1754981148.1687908.jpg,Pataka
/mnt/data/mudra_work/Bharatanatyam_Mudras/Musti/Image_1754983520.7774785.jpg,Musti
/mnt/data/mudra_work/Bharatanatyam_Mudras/Pataka/Image_1754981238.4511244.jpg,Pataka
/mnt/data/mudra_work/Bharatanatyam_Mudras/Simhamukha/Image_1754982171.2913058.jpg,Simhamukha
/mnt/data/mudra_work/Bharatanatyam_Mudras/Sikhara/Image_1754983068.595454.jpg,Sikhara
/mnt/data/mudra_work/Bharatanatyam_Mudras/Simhamukha/Image_1754982171.07994.jpg,Simhamukha
/mnt/data/mudra_work/Bharatanatyam_Mudras/Simhamukha/Image_1754982166.5773842.jpg,Simhamukha
/mnt/data/mudra_work/Bharatanatyam_Mudras/Musti/Image_1754983609.0295255.jpg,Musti
/mnt/data/mudra_work/Bharatanatyam_Mudras/Sikhara/Image_1754982870.067978.jpg,Sikhara
/mnt/data/mudra_work/Bharatanatyam_Mudras/Trisula/Image_1754981719.8316746.jpg,Trisula
/mnt/data/mudra_work/Bharatanatyam_Mudras/Pataka/Image_1754981212.0584192.jpg,Pataka
/mnt/data/mudra_work/Bharatanatyam_Mudras/Sikhara/Image_1754982855.0980659.jpg,Sikhara
/mnt/data/mudra_work/Bharatanatyam_Mudras/Musti/Image_1754983334.3967552.jpg,Musti
/mnt/data/mudra_work/Bharatanatyam_Mudras/Trisula/Image_1754981859.5588906.jpg,Trisula
/mnt/data/mudra_work/Bharatanatyam_Mudras/Simhamukha/Image_1754982112.2890446.jpg,Simhamukha
/mnt/data/mudra_work/Bharatanatyam_Mudras/Pataka/Image_1754981124.1065917.jpg,Pataka
/mnt/data/mudra_work/Bharatanatyam_Mudras/Pataka/Image_1754981052.763197.jpg,Pataka
/mnt/data/mudra_work/Bharatanatyam_Mudras/Trisula/Image_1754981845.4379754.jpg,Trisula
/mnt/data/mudra_work/Bharatanatyam_Mudras/Musti/Image_1754983364.3916337.jpg,Musti
/mnt/data/mudra_work/Bharatanatyam_Mudras/Pataka/Image_1754981234.1460109.jpg,Pataka
/mnt/data/mudra_work/Bharatanatyam_Mudras/Sikhara/Image_1754982950.3063889.jpg,Sikhara
/mnt/data/mudra_work/Bharatanatyam_Mudras/Trisula/Image_1754981503.6462793.jpg,Trisula
/mnt/data/mudra_work/Bharatanatyam_Mudras/Sikhara/Image_1754982871.9768972.jpg,Sikhara
/mnt/data/mudra_work/Bharatanatyam_Mudras/Trisula/Image_1754981597.2602475.jpg,Trisula
/mnt/data/mudra_work/Bharatanatyam_Mudras/Pataka/Image_1754981049.076117.jpg,Pataka
/mnt/data/mudra_work/Bharatanatyam_Mudras/Musti/Image_1754983478.6957557.jpg,Musti
/mnt/data/mudra_work/Bharatanatyam_Mudras/Pataka/Image_1754981123.896336.jpg,Pataka
/mnt/data/mudra_work/Bharatanatyam_Mudras/Simhamukha/Image_1754982179.958489.jpg,Simhamukha
/mnt/data/mudra_work/Bharatanatyam_Mudras/Musti/Image_1754983601.1647608.jpg,Musti
/mnt/data/mudra_work/Bharatanatyam_Mudras/Sikhara/Image_1754982929.5980744.jpg,Sikhara
/mnt/data/mudra_work/Bharatanatyam_Mudras/Musti/Image_1754983465.5919597.jpg,Musti
/mnt/data/mudra_work/Bharatanatyam_Mudras/Musti/Image_1754983626.3544514.jpg,Musti
/mnt/data/mudra_work/Bharatanatyam_Mudras/Pataka/Image_1754980906.1696353.jpg,Pataka
/mnt/data/mudra_work/Bharatanatyam_Mudras/Trisula/Image_1754981514.7527769.jpg,Trisula
/mnt/data/mudra_work/Bharatanatyam_Mudras/Simhamukha/Image_1754982420.2958634.jpg,Simhamukha
/mnt/data/mudra_work/Bharatanatyam_Mudras/Trisula/Image_1754981703.2901878.jpg,Trisula
/mnt/data/mudra_work/Bharatanatyam_Mudras/Sikhara/Image_1754983028.106885.jpg,Sikhara
/mnt/data/mudra_work/Bharatanatyam_Mudras/Sikhara/Image_1754982889.2607958.jpg,Sikhara
/mnt/data/mudra_work/Bharatanatyam_Mudras/Trisula/Image_1754981731.0364432.jpg,Trisula
/mnt/data/mudra_work/Bharatanatyam_Mudras/Pataka/Image_1754981124.135825.jpg,Pataka
/mnt/data/mudra_work/Bharatanatyam_Mudras/Simhamukha/Image_1754982193.3878603.jpg,Simhamukha
/mnt/data/mudra_work/Bharatanatyam_Mudras/Sikhara/Image_1754983168.210605.jpg,Sikhara
/mnt/data/mudra_work/Bharatanatyam_Mudras/Musti/Image_1754983334.2186866.jpg,Musti
/mnt/data/mudra_work/Bharatanatyam_Mudras/Pataka/Image_1754981234.226273.jpg,Pataka
/mnt/data/mudra_work/Bharatanatyam_Mudras/Trisula/Image_1754981497.2464998.jpg,Trisula
/mnt/data/mudra_work/Bharatanatyam_Mudras/Trisula/Image_1754981514.9338531.jpg,Trisula
/mnt/data/mudra_work/Bharatanatyam_Mudras/Simhamukha/Image_1754982166.5185792.jpg,Simhamukha
/mnt/data/mudra_work/Bharatanatyam_Mudras/Sikhara/Image_1754983084.840668.jpg,Sikhara
/mnt/data/mudra_work/Bharatanatyam_Mudras/Trisula/Image_1754981608.4939246.jpg,Trisula
/mnt/data/mudra_work/Bharatanatyam_Mudras/Pataka/Image_1754981207.8731487.jpg,Pataka
/mnt/data/mudra_work/Bharatanatyam_Mudras/Pataka/Image_1754981211.3632894.jpg,Pataka
/mnt/data/mudra_work/Bharatanatyam_Mudras/Trisula/Image_1754981597.124758.jpg,Trisula
/mnt/data/mudra_work/Bharatanatyam_Mudras/Pataka/Image_1754981038.2375028.jpg,Pataka
/mnt/data/mudra_work/Bharatanatyam_Mudras/Sikhara/Image_1754982778.3115747.jpg,Sikhara
/mnt/data/mudra_work/Bharatanatyam_Mudras/Simhamukha/Image_1754982285.8599975.jpg,Simhamukha
/mnt/data/mudra_work/Bharatanatyam_Mudras/Pataka/Image_1754981129.0303547.jpg,Pataka
/mnt/data/mudra_work/Bharatanatyam_Mudras/Trisula/Image_1754981512.5744822.jpg,Trisula
/mnt/data/mudra_work/Bharatanatyam_Mudras/Sikhara/Image_1754983204.7253993.jpg,Sikhara
/mnt/data/mudra_work/Bharatanatyam_Mudras/Musti/Image_1754983353.6761074.jpg,Musti
/mnt/data/mudra_work/Bharatanatyam_Mudras/Sikhara/Image_1754983179.3354077.jpg,Sikhara
/mnt/data/mudra_work/Bharatanatyam_Mudras/Simhamukha/Image_1754982289.636157.jpg,Simhamukha
/mnt/data/mudra_work/Bharatanatyam_Mudras/Pataka/Image_1754981129.870947.jpg,Pataka
/mnt/data/mudra_work/Bharatanatyam_Mudras/Pataka/Image_1754981077.4577363.jpg,Pataka
/mnt/data/mudra_work/Bharatanatyam_Mudras/Simhamukha/Image_1754982462.1481097.jpg,Simhamukha
/mnt/data/mudra_work/Bharatanatyam_Mudras/Sikhara/Image_1754983168.3283114.jpg,Sikhara
/mnt/data/mudra_work/Bharatanatyam_Mudras/Simhamukha/Image_1754982088.9126098.jpg,Simhamukha
/mnt/data/mudra_work/Bharatanatyam_Mudras/Sikhara/Image_1754982949.0943315.jpg,Sikhara
/mnt/data/mudra_work/Bharatanatyam_Mudras/Trisula/Image_1754981706.8430767.jpg,Trisula
/mnt/data/mudra_work/Bharatanatyam_Mudras/Simhamukha/Image_1754982195.2560875.jpg,Simhamukha
/mnt/data/mudra_work/Bharatanatyam_Mudras/Pataka/Image_1754981205.9236708.jpg,Pataka
/mnt/data/mudra_work/Bharatanatyam_Mudras/Sikhara/Image_1754983216.2257082.jpg,Sikhara
/mnt/data/mudra_work/Bharatanatyam_Mudras/Sikhara/Image_1754982961.6148584.jpg,Sikhara
/mnt/data/mudra_work/Bharatanatyam_Mudras/Sikhara/Image_1754983056.9782472.jpg,Sikhara
/mnt/data/mudra_work/Bharatanatyam_Mudras/Sikhara/Image_1754982960.547522.jpg,Sikhara
/mnt/data/mudra_work/Bharatanatyam_Mudras/Sikhara/Image_1754983061.2317612.jpg,Sikhara
/mnt/data/mudra_work/Bharatanatyam_Mudras/Trisula/Image_1754981731.1341457.jpg,Trisula
/mnt/data/mudra_work/Bharatanatyam_Mudras/Pataka/Image_1754981083.9311924.jpg,Pataka
/mnt/data/mudra_work/Bharatanatyam_Mudras/Sikhara/Image_1754983028.0600638.jpg,Sikhara
/mnt/data/mudra_work/Bharatanatyam_Mudras/Sikhara/Image_1754983027.1587534.jpg,Sikhara
/mnt/data/mudra_work/Bharatanatyam_Mudras/Musti/Image_1754983443.9462497.jpg,Musti
/mnt/data/mudra_work/Bharatanatyam_Mudras/Simhamukha/Image_1754982417.0584579.jpg,Simhamukha
/mnt/data/mudra_work/Bharatanatyam_Mudras/Simhamukha/Image_1754982452.0489368.jpg,Simhamukha
/mnt/data/mudra_work/Bharatanatyam_Mudras/Musti/Image_1754983564.6959016.jpg,Musti
/mnt/data/mudra_work/Bharatanatyam_Mudras/Simhamukha/Image_1754982443.759008.jpg,Simhamukha
/mnt/data/mudra_work/Bharatanatyam_Mudras/Trisula/Image_1754981845.3433628.jpg,Trisula
/mnt/data/mudra_work/Bharatanatyam_Mudras/Trisula/Image_1754981497.2800453.jpg,Trisula
/mnt/data/mudra_work/Bharatanatyam_Mudras/Simhamukha/Image_1754982296.0499163.jpg,Simhamukha
/mnt/data/mudra_work/Bharatanatyam_Mudras/Pataka/Image_1754981124.0440435.jpg,Pataka
/mnt/data/mudra_work/Bharatanatyam_Mudras/Sikhara/Image_1754983221.9302974.jpg,Sikhara
/mnt/data/mudra_work/Bharatanatyam_Mudras/Musti/Image_1754983478.7292736.jpg,Musti
/mnt/data/mudra_work/Bharatanatyam_Mudras/Simhamukha/Image_1754982327.0633051.jpg,Simhamukha
/mnt/data/mudra_work/Bharatanatyam_Mudras/Trisula/Image_1754981514.729718.jpg,Trisula
/mnt/data/mudra_work/Bharatanatyam_Mudras/Simhamukha/Image_1754982304.0931308.jpg,Simhamukha
/mnt/data/mudra_work/Bharatanatyam_Mudras/Sikhara/Image_1754983196.1652143.jpg,Sikhara
/mnt/data/mudra_work/Bharatanatyam_Mudras/Musti/Image_1754983595.9525232.jpg,Musti
/mnt/data/mudra_work/Bharatanatyam_Mudras/Sikhara/Image_1754983063.2553027.jpg,Sikhara
/mnt/data/mudra_work/Bharatanatyam_Mudras/Sikhara/Image_1754982793.345493.jpg,Sikhara
/mnt/data/mudra_work/Bharatanatyam_Mudras/Pataka/Image_1754980897.256864.jpg,Pataka
/mnt/data/mudra_work/Bharatanatyam_Mudras/Simhamukha/Image_1754982089.2946646.jpg,Simhamukha
/mnt/data/mudra_work/Bharatanatyam_Mudras/Musti/Image_1754983443.9248257.jpg,Musti
/mnt/data/mudra_work/Bharatanatyam_Mudras/Pataka/Image_1754981052.503278.jpg,Pataka
/mnt/data/mudra_work/Bharatanatyam_Mudras/Simhamukha/Image_1754982095.396842.jpg,Simhamukha
/mnt/data/mudra_work/Bharatanatyam_Mudras/Trisula/Image_1754981865.0044432.jpg,Trisula
/mnt/data/mudra_work/Bharatanatyam_Mudras/Sikhara/Image_1754982793.4087114.jpg,Sikhara
/mnt/data/mudra_work/Bharatanatyam_Mudras/Trisula/Image_1754981863.5752127.jpg,Trisula
/mnt/data/mudra_work/Bharatanatyam_Mudras/Simhamukha/Image_1754982296.411731.jpg,Simhamukha
/mnt/data/mudra_work/Bharatanatyam_Mudras/Trisula/Image_1754981852.2668548.jpg,Trisula
/mnt/data/mudra_work/Bharatanatyam_Mudras/Trisula/Image_1754981591.837287.jpg,Trisula
/mnt/data/mudra_work/Bharatanatyam_Mudras/Pataka/Image_1754981206.3802502.jpg,Pataka
/mnt/data/mudra_work/Bharatanatyam_Mudras/Trisula/Image_1754981607.7417662.jpg,Trisula
/mnt/data/mudra_work/Bharatanatyam_Mudras/Simhamukha/Image_1754982179.6573136.jpg,Simhamukha
/mnt/data/mudra_work/Bharatanatyam_Mudras/Musti/Image_1754983443.5919502.jpg,Musti
/mnt/data/mudra_work/Bharatanatyam_Mudras/Simhamukha/Image_1754982290.0344894.jpg,Simhamukha
/mnt/data/mudra_work/Bharatanatyam_Mudras/Pataka/Image_1754981237.8470106.jpg,Pataka
/mnt/data/mudra_work/Bharatanatyam_Mudras/Pataka/Image_1754981043.5970998.jpg,Pataka
/mnt/data/mudra_work/Bharatanatyam_Mudras/Trisula/Image_1754981512.0688164.jpg,Trisula
/mnt/data/mudra_work/Bharatanatyam_Mudras/Pataka/Image_1754980927.5651248.jpg,Pataka
/mnt/data/mudra_work/Bharatanatyam_Mudras/Simhamukha/Image_1754982461.2997515.jpg,Simhamukha
/mnt/data/mudra_work/Bharatanatyam_Mudras/Musti/Image_1754983594.099723.jpg,Musti
/mnt/data/mudra_work/Bharatanatyam_Mudras/Simhamukha/Image_1754982129.4280772.jpg,Simhamukha
/mnt/data/mudra_work/Bharatanatyam_Mudras/Simhamukha/Image_1754982092.095449.jpg,Simhamukha
/mnt/data/mudra_work/Bharatanatyam_Mudras/Trisula/Image_1754981507.0468597.jpg,Trisula
/mnt/data/mudra_work/Bharatanatyam_Mudras/Pataka/Image_1754981083.8523927.jpg,Pataka
/mnt/data/mudra_work/Bharatanatyam_Mudras/Musti/Image_1754983387.1779356.jpg,Musti
/mnt/data/mudra_work/Bharatanatyam_Mudras/Sikhara/Image_1754983075.1043456.jpg,Sikhara
/mnt/data/mudra_work/Bharatanatyam_Mudras/Trisula/Image_1754981611.2083268.jpg,Trisula
/mnt/data/mudra_work/Bharatanatyam_Mudras/Musti/Image_1754983564.0953846.jpg,Musti
/mnt/data/mudra_work/Bharatanatyam_Mudras/Sikhara/Image_1754982772.6510994.jpg,Sikhara
/mnt/data/mudra_work/Bharatanatyam_Mudras/Musti/Image_1754983334.2834785.jpg,Musti
/mnt/data/mudra_work/Bharatanatyam_Mudras/Trisula/Image_1754981591.4122186.jpg,Trisula
/mnt/data/mudra_work/Bharatanatyam_Mudras/Trisula/Image_1754981706.34965.jpg,Trisula
/mnt/data/mudra_work/Bharatanatyam_Mudras/Trisula/Image_1754981514.958472.jpg,Trisula
/mnt/data/mudra_work/Bharatanatyam_Mudras/Sikhara/Image_1754982928.7448902.jpg,Sikhara
/mnt/data/mudra_work/Bharatanatyam_Mudras/Trisula/Image_1754981727.4334328.jpg,Trisula
/mnt/data/mudra_work/Bharatanatyam_Mudras/Pataka/Image_1754980898.0102947.jpg,Pataka
/mnt/data/mudra_work/Bharatanatyam_Mudras/Simhamukha/Image_1754982207.686646.jpg,Simhamukha
/mnt/data/mudra_work/Bharatanatyam_Mudras/Simhamukha/Image_1754982462.1143475.jpg,Simhamukha
/mnt/data/mudra_work/Bharatanatyam_Mudras/Sikhara/Image_1754983149.035674.jpg,Sikhara
/mnt/data/mudra_work/Bharatanatyam_Mudras/Pataka/Image_1754981048.9603684.jpg,Pataka
/mnt/data/mudra_work/Bharatanatyam_Mudras/Musti/Image_1754983353.7046359.jpg,Musti
/mnt/data/mudra_work/Bharatanatyam_Mudras/Sikhara/Image_1754982801.0202503.jpg,Sikhara
/mnt/data/mudra_work/Bharatanatyam_Mudras/Pataka/Image_1754981049.2044067.jpg,Pataka
/mnt/data/mudra_work/Bharatanatyam_Mudras/Musti/Image_1754983357.7404892.jpg,Musti
/mnt/data/mudra_work/Bharatanatyam_Mudras/Sikhara/Image_1754982798.631018.jpg,Sikhara
/mnt/data/mudra_work/Bharatanatyam_Mudras/Sikhara/Image_1754982778.4632106.jpg,Sikhara
/mnt/data/mudra_work/Bharatanatyam_Mudras/Pataka/Image_1754981086.5244627.jpg,Pataka
/mnt/data/mudra_work/Bharatanatyam_Mudras/Trisula/Image_1754981514.8091009.jpg,Trisula
/mnt/data/mudra_work/Bharatanatyam_Mudras/Trisula/Image_1754981599.700511.jpg,Trisula
/mnt/data/mudra_work/Bharatanatyam_Mudras/Pataka/Image_1754981129.0523543.jpg,Pataka
/mnt/data/mudra_work/Bharatanatyam_Mudras/Simhamukha/Image_1754982448.0408123.jpg,Simhamukha
/mnt/data/mudra_work/Bharatanatyam_Mudras/Sikhara/Image_1754983145.4471104.jpg,Sikhara
/mnt/data/mudra_work/Bharatanatyam_Mudras/Pataka/Image_1754981198.9596536.jpg,Pataka
/mnt/data/mudra_work/Bharatanatyam_Mudras/Musti/Image_1754983382.9393888.jpg,Musti
/mnt/data/mudra_work/Bharatanatyam_Mudras/Simhamukha/Image_1754982284.7838316.jpg,Simhamukha
/mnt/data/mudra_work/Bharatanatyam_Mudras/Trisula/Image_1754981852.4491005.jpg,Trisula
/mnt/data/mudra_work/Bharatanatyam_Mudras/Simhamukha/Image_1754982213.4991527.jpg,Simhamukha
/mnt/data/mudra_work/Bharatanatyam_Mudras/Pataka/Image_1754981083.9024398.jpg,Pataka
/mnt/data/mudra_work/Bharatanatyam_Mudras/Pataka/Image_1754981052.7141635.jpg,Pataka
/mnt/data/mudra_work/Bharatanatyam_Mudras/Pataka/Image_1754980904.6047132.jpg,Pataka
/mnt/data/mudra_work/Bharatanatyam_Mudras/Simhamukha/Image_1754982285.73808.jpg,Simhamukha
/mnt/data/mudra_work/Bharatanatyam_Mudras/Musti/Image_1754983382.423951.jpg,Musti
/mnt/data/mudra_work/Bharatanatyam_Mudras/Sikhara/Image_1754982772.9908352.jpg,Sikhara
/mnt/data/mudra_work/Bharatanatyam_Mudras/Simhamukha/Image_1754982226.2084014.jpg,Simhamukha
/mnt/data/mudra_work/Bharatanatyam_Mudras/Trisula/Image_1754981519.6352768.jpg,Trisula
/mnt/data/mudra_work/Bharatanatyam_Mudras/Pataka/Image_1754981205.813601.jpg,Pataka
/mnt/data/mudra_work/Bharatanatyam_Mudras/Trisula/Image_1754981591.6202676.jpg,Trisula
/mnt/data/mudra_work/Bharatanatyam_Mudras/Musti/Image_1754983604.8534534.jpg,Musti
/mnt/data/mudra_work/Bharatanatyam_Mudras/Sikhara/Image_1754983169.3999305.jpg,Sikhara
/mnt/data/mudra_work/Bharatanatyam_Mudras/Trisula/Image_1754981520.779524.jpg,Trisula
/mnt/data/mudra_work/Bharatanatyam_Mudras/Trisula/Image_1754981730.8557885.jpg,Trisula
/mnt/data/mudra_work/Bharatanatyam_Mudras/Sikhara/Image_1754982775.1177235.jpg,Sikhara
/mnt/data/mudra_work/Bharatanatyam_Mudras/Pataka/Image_1754981237.9229383.jpg,Pataka
/mnt/data/mudra_work/Bharatanatyam_Mudras/Sikhara/Image_1754982787.846962.jpg,Sikhara
/mnt/data/mudra_work/Bharatanatyam_Mudras/Pataka/Image_1754980927.5335746.jpg,Pataka
/mnt/data/mudra_work/Bharatanatyam_Mudras/Musti/Image_1754983556.3959036.jpg,Musti
/mnt/data/mudra_work/Bharatanatyam_Mudras/Simhamukha/Image_1754982284.6473489.jpg,Simhamukha
/mnt/data/mudra_work/Bharatanatyam_Mudras/Simhamukha/Image_1754982111.9042025.jpg,Simhamukha
/mnt/data/mudra_work/Bharatanatyam_Mudras/Simhamukha/Image_1754982185.7116475.jpg,Simhamukha
/mnt/data/mudra_work/Bharatanatyam_Mudras/Simhamukha/Image_1754982462.1868336.jpg,Simhamukha
/mnt/data/mudra_work/Bharatanatyam_Mudras/Simhamukha/Image_1754982171.232674.jpg,Simhamukha
/mnt/data/mudra_work/Bharatanatyam_Mudras/Simhamukha/Image_1754982205.2724855.jpg,Simhamukha
/mnt/data/mudra_work/Bharatanatyam_Mudras/Simhamukha/Image_1754982214.617643.jpg,Simhamukha
/mnt/data/mudra_work/Bharatanatyam_Mudras/Trisula/Image_1754981502.3008409.jpg,Trisula
/mnt/data/mudra_work/Bharatanatyam_Mudras/Musti/Image_1754983428.295371.jpg,Musti
/mnt/data/mudra_work/Bharatanatyam_Mudras/Pataka/Image_1754981204.0849316.jpg,Pataka
/mnt/data/mudra_work/Bharatanatyam_Mudras/Sikhara/Image_1754982777.5176182.jpg,Sikhara
/mnt/data/mudra_work/Bharatanatyam_Mudras/Pataka/Image_1754980897.5111418.jpg,Pataka
/mnt/data/mudra_work/Bharatanatyam_Mudras/Sikhara/Image_1754982800.3042514.jpg,Sikhara
/mnt/data/mudra_work/Bharatanatyam_Mudras/Sikhara/Image_1754983075.226219.jpg,Sikhara
/mnt/data/mudra_work/Bharatanatyam_Mudras/Simhamukha/Image_1754982445.649525.jpg,Simhamukha
/mnt/data/mudra_work/Bharatanatyam_Mudras/Musti/Image_1754983590.043789.jpg,Musti
/mnt/data/mudra_work/Bharatanatyam_Mudras/Sikhara/Image_1754983140.3958218.jpg,Sikhara
/mnt/data/mudra_work/Bharatanatyam_Mudras/Simhamukha/Image_1754982222.0555694.jpg,Simhamukha
/mnt/data/mudra_work/Bharatanatyam_Mudras/Simhamukha/Image_1754982091.8639767.jpg,Simhamukha
/mnt/data/mudra_work/Bharatanatyam_Mudras/Sikhara/Image_1754983084.6290615.jpg,Sikhara
/mnt/data/mudra_work/Bharatanatyam_Mudras/Pataka/Image_1754981132.7175612.jpg,Pataka
/mnt/data/mudra_work/Bharatanatyam_Mudras/Sikhara/Image_1754983074.1575668.jpg,Sikhara
/mnt/data/mudra_work/Bharatanatyam_Mudras/Simhamukha/Image_1754982091.7958813.jpg,Simhamukha
/mnt/data/mudra_work/Bharatanatyam_Mudras/Trisula/Image_1754981839.655842.jpg,Trisula
/mnt/data/mudra_work/Bharatanatyam_Mudras/Simhamukha/Image_1754982285.9917545.jpg,Simhamukha
/mnt/data/mudra_work/Bharatanatyam_Mudras/Pataka/Image_1754980920.413867.jpg,Pataka
/mnt/data/mudra_work/Bharatanatyam_Mudras/Musti/Image_1754983521.4624171.jpg,Musti
/mnt/data/mudra_work/Bharatanatyam_Mudras/Pataka/Image_1754981237.829273.jpg,Pataka
/mnt/data/mudra_work/Bharatanatyam_Mudras/Trisula/Image_1754981830.468954.jpg,Trisula
/mnt/data/mudra_work/Bharatanatyam_Mudras/Trisula/Image_1754981533.279269.jpg,Trisula
/mnt/data/mudra_work/Bharatanatyam_Mudras/Simhamukha/Image_1754982123.4655092.jpg,Simhamukha
/mnt/data/mudra_work/Bharatanatyam_Mudras/Pataka/Image_1754981198.6124218.jpg,Pataka
/mnt/data/mudra_work/Bharatanatyam_Mudras/Trisula/Image_1754981512.8367116.jpg,Trisula
/mnt/data/mudra_work/Bharatanatyam_Mudras/Sikhara/Image_1754983061.783154.jpg,Sikhara
/mnt/data/mudra_work/Bharatanatyam_Mudras/Sikhara/Image_1754982784.757733.jpg,Sikhara
/mnt/data/mudra_work/Bharatanatyam_Mudras/Sikhara/Image_1754983216.9526625.jpg,Sikhara
/mnt/data/mudra_work/Bharatanatyam_Mudras/Sikhara/Image_1754983047.2076597.jpg,Sikhara
/mnt/data/mudra_work/Bharatanatyam_Mudras/Simhamukha/Image_1754982212.2422564.jpg,Simhamukha
/mnt/data/mudra_work/Bharatanatyam_Mudras/Trisula/Image_1754981865.5622125.jpg,Trisula
/mnt/data/mudra_work/Bharatanatyam_Mudras/Sikhara/Image_1754982918.4516213.jpg,Sikhara
/mnt/data/mudra_work/Bharatanatyam_Mudras/Sikhara/Image_1754982874.835489.jpg,Sikhara
/mnt/data/mudra_work/Bharatanatyam_Mudras/Simhamukha/Image_1754982443.98777.jpg,Simhamukha
/mnt/data/mudra_work/Bharatanatyam_Mudras/Trisula/Image_1754981507.255711.jpg,Trisula
/mnt/data/mudra_work/Bharatanatyam_Mudras/Pataka/Image_1754981039.0628717.jpg,Pataka
/mnt/data/mudra_work/Bharatanatyam_Mudras/Simhamukha/Image_1754982416.2076154.jpg,Simhamukha
/mnt/data/mudra_work/Bharatanatyam_Mudras/Trisula/Image_1754981592.5392601.jpg,Trisula
/mnt/data/mudra_work/Bharatanatyam_Mudras/Simhamukha/Image_1754982448.2056396.jpg,Simhamukha
/mnt/data/mudra_work/Bharatanatyam_Mudras/Trisula/Image_1754981719.9742796.jpg,Trisula
/mnt/data/mudra_work/Bharatanatyam_Mudras/Trisula/Image_1754981853.482568.jpg,Trisula
/mnt/data/mudra_work/Bharatanatyam_Mudras/Simhamukha/Image_1754982089.1864314.jpg,Simhamukha
/mnt/data/mudra_work/Bharatanatyam_Mudras/Sikhara/Image_1754982775.0952694.jpg,Sikhara
/mnt/data/mudra_work/Bharatanatyam_Mudras/Sikhara/Image_1754982875.4317005.jpg,Sikhara
/mnt/data/mudra_work/Bharatanatyam_Mudras/Pataka/Image_1754980904.7189367.jpg,Pataka
/mnt/data/mudra_work/Bharatanatyam_Mudras/Simhamukha/Image_1754982179.5115125.jpg,Simhamukha
/mnt/data/mudra_work/Bharatanatyam_Mudras/Sikhara/Image_1754983220.9084847.jpg,Sikhara
/mnt/data/mudra_work/Bharatanatyam_Mudras/Sikhara/Image_1754982785.3419054.jpg,Sikhara
/mnt/data/mudra_work/Bharatanatyam_Mudras/Pataka/Image_1754981148.0793195.jpg,Pataka
/mnt/data/mudra_work/Bharatanatyam_Mudras/Trisula/Image_1754981727.4795246.jpg,Trisula
/mnt/data/mudra_work/Bharatanatyam_Mudras/Musti/Image_1754983612.8145838.jpg,Musti
/mnt/data/mudra_work/Bharatanatyam_Mudras/Pataka/Image_1754980891.6505327.jpg,Pataka
/mnt/data/mudra_work/Bharatanatyam_Mudras/Trisula/Image_1754981628.058164.jpg,Trisula
/mnt/data/mudra_work/Bharatanatyam_Mudras/Trisula/Image_1754981866.9128954.jpg,Trisula
/mnt/data/mudra_work/Bharatanatyam_Mudras/Pataka/Image_1754981208.649615.jpg,Pataka
/mnt/data/mudra_work/Bharatanatyam_Mudras/Trisula/Image_1754981597.6478925.jpg,Trisula
/mnt/data/mudra_work/Bharatanatyam_Mudras/Trisula/Image_1754981608.3198094.jpg,Trisula
/mnt/data/mudra_work/Bharatanatyam_Mudras/Musti/Image_1754983364.4896734.jpg,Musti
/mnt/data/mudra_work/Bharatanatyam_Mudras/Pataka/Image_1754981124.2596107.jpg,Pataka
/mnt/data/mudra_work/Bharatanatyam_Mudras/Trisula/Image_1754981698.3365068.jpg,Trisula
